"id";"date_time";"proto";"source_ip";"source_port";"dest_ip";"dest_port"
1;"2020-01-14 13:57:38";"udp";"172.10.1.1";5353;"172.10.1.5";5353
2;"2020-01-14 13:57:38";"udp";"172.10.1.1";5353;"172.10.1.5";5353
3;"2020-01-14 13:57:38";"udp";"172.10.1.1";5353;"172.10.1.5";5353
4;"2020-01-14 13:57:38";"udp";"172.10.1.1";5353;"172.10.1.5";5353
5;"2020-01-14 13:57:38";"udp";"172.10.1.1";5353;"172.10.1.5";5353
6;"2020-01-14 13:57:38";"udp";"172.10.1.1";5353;"172.10.1.5";5353
7;"2020-01-14 13:57:38";"udp";"172.10.1.1";137;"172.10.1.5";137
8;"2020-01-14 13:57:38";"udp";"172.10.1.1";137;"172.10.1.5";137
9;"2020-01-14 13:57:38";"udp";"172.10.1.1";5353;"172.10.1.5";5353
10;"2020-01-14 13:57:38";"udp";"172.10.1.1";5353;"172.10.1.5";5353
11;"2020-01-14 13:57:38";"udp";"172.10.1.1";137;"172.10.1.5";137
12;"2020-01-14 13:57:38";"udp";"172.10.1.1";5353;"172.10.1.5";5353
13;"2020-01-14 13:57:38";"udp";"172.10.1.1";5353;"172.10.1.5";5353
14;"2020-01-14 13:57:38";"udp";"172.10.1.1";5353;"172.10.1.5";5353
15;"2020-01-14 13:57:38";"udp";"172.10.1.1";5353;"172.10.1.5";5353
16;"2020-01-14 13:57:39";"icmp";"172.10.1.2";0;"172.10.1.5";8
17;"2020-01-14 13:57:39";"icmp";"172.10.1.2";0;"172.10.1.5";8
18;"2020-01-14 13:57:39";"icmp";"172.10.1.2";0;"172.10.1.5";8
19;"2020-01-14 13:57:39";"icmp";"172.10.1.2";0;"172.10.1.5";8
20;"2020-01-14 13:57:39";"icmp";"172.10.1.2";0;"172.10.1.5";8
21;"2020-01-14 13:57:39";"icmp";"172.10.1.2";0;"172.10.1.5";8
22;"2020-01-14 13:57:39";"icmp";"172.10.1.2";0;"172.10.1.5";8
23;"2020-01-14 13:57:39";"icmp";"172.10.1.2";0;"172.10.1.5";8
24;"2020-01-14 13:57:39";"icmp";"172.10.1.2";0;"172.10.1.5";8
25;"2020-01-14 13:57:39";"icmp";"172.10.1.2";0;"172.10.1.5";8
26;"2020-01-14 13:57:39";"icmp";"172.10.1.2";0;"172.10.1.5";8
27;"2020-01-14 13:57:39";"icmp";"172.10.1.2";0;"172.10.1.5";8
28;"2020-01-14 13:57:39";"icmp";"172.10.1.2";0;"172.10.1.5";8
29;"2020-01-14 13:57:39";"icmp";"172.10.1.2";0;"172.10.1.5";8
30;"2020-01-14 13:57:39";"icmp";"172.10.1.2";0;"172.10.1.5";8
31;"2020-01-14 13:57:39";"udp";"172.10.1.1";137;"172.10.1.5";137
32;"2020-01-14 13:57:39";"udp";"172.10.1.1";137;"172.10.1.5";137
33;"2020-01-14 13:57:39";"icmp";"172.10.1.2";0;"172.10.1.5";8
34;"2020-01-14 13:57:39";"udp";"172.10.1.1";137;"172.10.1.5";137
35;"2020-01-14 13:57:39";"icmp";"172.10.1.2";0;"172.10.1.5";8
36;"2020-01-14 13:57:39";"icmp";"172.10.1.2";0;"172.10.1.5";8
37;"2020-01-14 13:57:39";"icmp";"172.10.1.2";0;"172.10.1.5";8
38;"2020-01-14 13:57:39";"icmp";"172.10.1.2";0;"172.10.1.5";8
39;"2020-01-14 13:57:39";"icmp";"172.10.1.2";0;"172.10.1.5";8
40;"2020-01-14 13:57:39";"icmp";"172.10.1.2";0;"172.10.1.5";8
41;"2020-01-14 13:57:39";"icmp";"172.10.1.2";0;"172.10.1.5";8
42;"2020-01-14 13:57:39";"icmp";"172.10.1.2";0;"172.10.1.5";8
43;"2020-01-14 13:57:39";"icmp";"172.10.1.2";0;"172.10.1.5";8
44;"2020-01-14 13:57:39";"icmp";"172.10.1.2";0;"172.10.1.5";8
45;"2020-01-14 13:57:39";"icmp";"172.10.1.2";0;"172.10.1.5";8
46;"2020-01-14 13:57:39";"icmp";"172.10.1.2";0;"172.10.1.5";8
47;"2020-01-14 13:57:39";"udp";"172.10.1.1";5353;"172.10.1.5";5353
48;"2020-01-14 13:57:39";"udp";"172.10.1.1";5353;"172.10.1.5";5353
49;"2020-01-14 13:57:39";"udp";"172.10.1.1";5353;"172.10.1.5";5353
50;"2020-01-14 13:57:39";"udp";"172.10.1.1";5353;"172.10.1.5";5353
51;"2020-01-14 13:57:39";"udp";"172.10.1.1";5353;"172.10.1.5";5353
52;"2020-01-14 13:57:39";"udp";"172.10.1.1";5353;"172.10.1.5";5353
53;"2020-01-14 13:57:39";"udp";"172.10.1.1";5353;"172.10.1.5";5353
54;"2020-01-14 13:57:39";"udp";"172.10.1.1";5353;"172.10.1.5";5353
55;"2020-01-14 13:57:39";"udp";"172.10.1.1";5353;"172.10.1.5";5353
56;"2020-01-14 13:57:39";"udp";"172.10.1.1";5353;"172.10.1.5";5353
57;"2020-01-14 13:57:39";"icmp";"172.10.1.2";0;"172.10.1.5";8
58;"2020-01-14 13:57:39";"udp";"172.10.1.1";5353;"172.10.1.5";5353
59;"2020-01-14 13:57:39";"udp";"172.10.1.1";5353;"172.10.1.5";5353
60;"2020-01-14 13:57:39";"icmp";"172.10.1.2";0;"172.10.1.5";8
61;"2020-01-14 13:57:39";"icmp";"172.10.1.2";0;"172.10.1.5";8
62;"2020-01-14 13:57:39";"icmp";"172.10.1.2";0;"172.10.1.5";8
63;"2020-01-14 13:57:39";"icmp";"172.10.1.2";0;"172.10.1.5";8
64;"2020-01-14 13:57:39";"icmp";"172.10.1.2";0;"172.10.1.5";8
65;"2020-01-14 13:57:39";"icmp";"172.10.1.2";0;"172.10.1.5";8
66;"2020-01-14 13:57:39";"icmp";"172.10.1.2";0;"172.10.1.5";8
67;"2020-01-14 13:57:39";"icmp";"172.10.1.2";0;"172.10.1.5";8
68;"2020-01-14 13:57:39";"icmp";"172.10.1.2";0;"172.10.1.5";8
69;"2020-01-14 13:57:39";"icmp";"172.10.1.2";0;"172.10.1.5";8
70;"2020-01-14 13:57:39";"icmp";"172.10.1.2";0;"172.10.1.5";8
71;"2020-01-14 13:57:40";"udp";"172.10.1.1";137;"172.10.1.5";137
72;"2020-01-14 13:57:40";"udp";"172.10.1.1";137;"172.10.1.5";137
73;"2020-01-14 13:57:40";"udp";"172.10.1.1";137;"172.10.1.5";137
74;"2020-01-14 13:57:43";"udp";"172.10.1.1";5353;"172.10.1.5";5353
75;"2020-01-14 13:57:43";"udp";"172.10.1.1";5353;"172.10.1.5";5353
76;"2020-01-14 13:57:43";"udp";"172.10.1.1";5353;"172.10.1.5";5353
77;"2020-01-14 13:57:43";"udp";"172.10.1.1";5353;"172.10.1.5";5353
78;"2020-01-14 13:57:44";"udp";"172.10.1.1";5353;"172.10.1.5";5353
79;"2020-01-14 13:57:44";"udp";"172.10.1.1";5353;"172.10.1.5";5353
80;"2020-01-14 13:57:44";"udp";"172.10.1.1";5353;"172.10.1.5";5353
81;"2020-01-14 13:57:44";"udp";"172.10.1.1";5353;"172.10.1.5";5353
82;"2020-01-14 13:57:54";"tcp";"172.10.1.2";36220;"172.10.1.5";80
83;"2020-01-14 13:57:54";"tcp";"172.10.1.2";36222;"172.10.1.5";80
84;"2020-01-14 13:57:54";"tcp";"172.10.1.2";36224;"172.10.1.5";80
85;"2020-01-14 13:57:54";"tcp";"172.10.1.2";36226;"172.10.1.5";80
86;"2020-01-14 13:57:54";"tcp";"172.10.1.2";36228;"172.10.1.5";80
87;"2020-01-14 13:57:57";"tcp";"172.10.1.2";36230;"172.10.1.5";80
88;"2020-01-14 13:57:57";"tcp";"172.10.1.2";36232;"172.10.1.5";80
89;"2020-01-14 13:57:57";"tcp";"172.10.1.2";36234;"172.10.1.5";80
90;"2020-01-14 13:57:57";"tcp";"172.10.1.2";36236;"172.10.1.5";80
91;"2020-01-14 13:57:57";"tcp";"172.10.1.2";36238;"172.10.1.5";80
92;"2020-01-14 13:57:59";"tcp";"172.10.1.2";36240;"172.10.1.5";80
93;"2020-01-14 13:57:59";"tcp";"172.10.1.2";36242;"172.10.1.5";80
94;"2020-01-14 13:57:59";"tcp";"172.10.1.2";36244;"172.10.1.5";80
95;"2020-01-14 13:57:59";"tcp";"172.10.1.2";36248;"172.10.1.5";80
96;"2020-01-14 13:58:01";"tcp";"172.10.1.2";36250;"172.10.1.5";80
97;"2020-01-14 13:58:01";"tcp";"172.10.1.2";36252;"172.10.1.5";80
98;"2020-01-14 13:58:01";"tcp";"172.10.1.2";36254;"172.10.1.5";80
99;"2020-01-14 13:58:01";"tcp";"172.10.1.2";36256;"172.10.1.5";80
100;"2020-01-14 13:58:01";"tcp";"172.10.1.2";36258;"172.10.1.5";80
101;"2020-01-14 13:58:02";"tcp";"172.10.1.2";36260;"172.10.1.5";80
102;"2020-01-14 13:58:02";"tcp";"172.10.1.2";36262;"172.10.1.5";80
103;"2020-01-14 13:58:02";"tcp";"172.10.1.2";36264;"172.10.1.5";80
104;"2020-01-14 13:58:02";"tcp";"172.10.1.2";36266;"172.10.1.5";80
105;"2020-01-14 13:58:02";"tcp";"172.10.1.2";36268;"172.10.1.5";80
106;"2020-01-14 13:58:04";"tcp";"172.10.1.2";36270;"172.10.1.5";80
107;"2020-01-14 13:58:04";"tcp";"172.10.1.2";36274;"172.10.1.5";80
108;"2020-01-14 13:58:04";"tcp";"172.10.1.2";36276;"172.10.1.5";80
109;"2020-01-14 13:58:04";"tcp";"172.10.1.2";36278;"172.10.1.5";80
110;"2020-01-14 13:58:05";"tcp";"172.10.1.2";36280;"172.10.1.5";80
111;"2020-01-14 13:58:05";"tcp";"172.10.1.2";36282;"172.10.1.5";80
112;"2020-01-14 13:58:05";"tcp";"172.10.1.2";36284;"172.10.1.5";80
113;"2020-01-14 13:58:05";"tcp";"172.10.1.2";36286;"172.10.1.5";80
114;"2020-01-14 13:58:05";"tcp";"172.10.1.2";36288;"172.10.1.5";80
115;"2020-01-14 13:58:07";"tcp";"172.10.1.2";36290;"172.10.1.5";80
116;"2020-01-14 13:58:07";"tcp";"172.10.1.2";36292;"172.10.1.5";80
117;"2020-01-14 13:58:07";"tcp";"172.10.1.2";36294;"172.10.1.5";80
118;"2020-01-14 13:58:07";"tcp";"172.10.1.2";36296;"172.10.1.5";80
119;"2020-01-14 13:58:07";"tcp";"172.10.1.2";36298;"172.10.1.5";80
120;"2020-01-14 13:58:08";"udp";"172.10.1.1";5353;"172.10.1.5";5353
121;"2020-01-14 13:58:08";"udp";"172.10.1.1";5353;"172.10.1.5";5353
122;"2020-01-14 13:58:08";"udp";"172.10.1.1";5353;"172.10.1.5";5353
123;"2020-01-14 13:58:08";"udp";"172.10.1.1";5353;"172.10.1.5";5353
124;"2020-01-14 13:58:08";"udp";"172.10.1.1";5353;"172.10.1.5";5353
125;"2020-01-14 13:58:08";"udp";"172.10.1.1";137;"172.10.1.5";137
126;"2020-01-14 13:58:08";"udp";"172.10.1.1";5353;"172.10.1.5";5353
127;"2020-01-14 13:58:08";"udp";"172.10.1.1";5353;"172.10.1.5";5353
128;"2020-01-14 13:58:08";"udp";"172.10.1.1";5353;"172.10.1.5";5353
129;"2020-01-14 13:58:08";"udp";"172.10.1.1";137;"172.10.1.5";137
130;"2020-01-14 13:58:08";"udp";"172.10.1.1";5353;"172.10.1.5";5353
131;"2020-01-14 13:58:08";"udp";"172.10.1.1";5353;"172.10.1.5";5353
132;"2020-01-14 13:58:08";"udp";"172.10.1.1";5353;"172.10.1.5";5353
133;"2020-01-14 13:58:08";"udp";"172.10.1.1";5353;"172.10.1.5";5353
134;"2020-01-14 13:58:09";"udp";"172.10.1.1";137;"172.10.1.5";137
135;"2020-01-14 13:58:09";"udp";"172.10.1.1";137;"172.10.1.5";137
136;"2020-01-14 13:58:09";"tcp";"172.10.1.2";36300;"172.10.1.5";80
137;"2020-01-14 13:58:09";"tcp";"172.10.1.2";36302;"172.10.1.5";80
138;"2020-01-14 13:58:09";"tcp";"172.10.1.2";36304;"172.10.1.5";80
139;"2020-01-14 13:58:09";"tcp";"172.10.1.2";36306;"172.10.1.5";80
140;"2020-01-14 13:58:09";"tcp";"172.10.1.2";36308;"172.10.1.5";80
141;"2020-01-14 13:58:09";"udp";"172.10.1.1";5353;"172.10.1.5";5353
142;"2020-01-14 13:58:09";"udp";"172.10.1.1";5353;"172.10.1.5";5353
143;"2020-01-14 13:58:09";"udp";"172.10.1.1";5353;"172.10.1.5";5353
144;"2020-01-14 13:58:09";"udp";"172.10.1.1";5353;"172.10.1.5";5353
145;"2020-01-14 13:58:09";"udp";"172.10.1.1";5353;"172.10.1.5";5353
146;"2020-01-14 13:58:09";"udp";"172.10.1.1";5353;"172.10.1.5";5353
147;"2020-01-14 13:58:09";"udp";"172.10.1.1";5353;"172.10.1.5";5353
148;"2020-01-14 13:58:09";"udp";"172.10.1.1";5353;"172.10.1.5";5353
149;"2020-01-14 13:58:09";"udp";"172.10.1.1";5353;"172.10.1.5";5353
150;"2020-01-14 13:58:09";"udp";"172.10.1.1";5353;"172.10.1.5";5353
151;"2020-01-14 13:58:09";"udp";"172.10.1.1";5353;"172.10.1.5";5353
152;"2020-01-14 13:58:09";"udp";"172.10.1.1";5353;"172.10.1.5";5353
153;"2020-01-14 13:58:10";"udp";"172.10.1.1";137;"172.10.1.5";137
154;"2020-01-14 13:58:10";"udp";"172.10.1.1";137;"172.10.1.5";137
155;"2020-01-14 13:58:10";"icmp";"172.10.1.2";0;"172.10.1.5";11
156;"2020-01-14 13:58:11";"tcp";"172.10.1.2";36310;"172.10.1.5";80
157;"2020-01-14 13:58:11";"tcp";"172.10.1.2";36312;"172.10.1.5";80
158;"2020-01-14 13:58:11";"tcp";"172.10.1.2";36314;"172.10.1.5";80
159;"2020-01-14 13:58:11";"tcp";"172.10.1.2";36316;"172.10.1.5";80
160;"2020-01-14 13:58:11";"tcp";"172.10.1.2";36318;"172.10.1.5";80
161;"2020-01-14 13:58:13";"tcp";"172.10.1.2";36320;"172.10.1.5";80
162;"2020-01-14 13:58:13";"tcp";"172.10.1.2";36322;"172.10.1.5";80
163;"2020-01-14 13:58:13";"tcp";"172.10.1.2";36324;"172.10.1.5";80
164;"2020-01-14 13:58:13";"tcp";"172.10.1.2";36326;"172.10.1.5";80
165;"2020-01-14 13:58:13";"udp";"172.10.1.1";5353;"172.10.1.5";5353
166;"2020-01-14 13:58:13";"udp";"172.10.1.1";5353;"172.10.1.5";5353
167;"2020-01-14 13:58:13";"udp";"172.10.1.1";137;"172.10.1.5";137
168;"2020-01-14 13:58:13";"udp";"172.10.1.1";5353;"172.10.1.5";5353
169;"2020-01-14 13:58:13";"udp";"172.10.1.1";5353;"172.10.1.5";5353
170;"2020-01-14 13:58:13";"tcp";"172.10.1.2";36328;"172.10.1.5";80
171;"2020-01-14 13:58:13";"udp";"172.10.1.1";137;"172.10.1.5";137
172;"2020-01-14 13:58:14";"udp";"172.10.1.1";5353;"172.10.1.5";5353
173;"2020-01-14 13:58:14";"udp";"172.10.1.1";5353;"172.10.1.5";5353
174;"2020-01-14 13:58:14";"udp";"172.10.1.1";5353;"172.10.1.5";5353
175;"2020-01-14 13:58:14";"udp";"172.10.1.1";5353;"172.10.1.5";5353
176;"2020-01-14 13:58:14";"udp";"172.10.1.1";137;"172.10.1.5";137
177;"2020-01-14 13:58:14";"tcp";"172.10.1.2";36330;"172.10.1.5";80
178;"2020-01-14 13:58:14";"tcp";"172.10.1.2";36332;"172.10.1.5";80
179;"2020-01-14 13:58:14";"tcp";"172.10.1.2";36334;"172.10.1.5";80
180;"2020-01-14 13:58:14";"tcp";"172.10.1.2";36336;"172.10.1.5";80
181;"2020-01-14 13:58:14";"tcp";"172.10.1.2";36338;"172.10.1.5";80
182;"2020-01-14 13:58:21";"udp";"172.10.1.1";5353;"172.10.1.5";5353
183;"2020-01-14 13:58:21";"udp";"172.10.1.1";5353;"172.10.1.5";5353
184;"2020-01-14 13:58:21";"udp";"172.10.1.1";5353;"172.10.1.5";5353
185;"2020-01-14 13:58:21";"udp";"172.10.1.1";5353;"172.10.1.5";5353
186;"2020-01-14 13:58:29";"tcp";"172.10.1.2";2386;"172.10.1.5";23
187;"2020-01-14 13:58:30";"tcp";"172.10.1.2";2387;"172.10.1.5";23
188;"2020-01-14 13:58:31";"tcp";"172.10.1.2";2388;"172.10.1.5";23
189;"2020-01-14 13:58:32";"tcp";"172.10.1.2";2389;"172.10.1.5";23
190;"2020-01-14 13:58:33";"tcp";"172.10.1.2";2390;"172.10.1.5";23
191;"2020-01-14 13:58:34";"tcp";"172.10.1.2";2391;"172.10.1.5";23
192;"2020-01-14 13:58:35";"tcp";"172.10.1.2";2392;"172.10.1.5";23
193;"2020-01-14 13:58:36";"tcp";"172.10.1.2";2393;"172.10.1.5";23
194;"2020-01-14 13:58:37";"tcp";"172.10.1.2";2394;"172.10.1.5";23
195;"2020-01-14 13:58:38";"tcp";"172.10.1.2";2395;"172.10.1.5";23
196;"2020-01-14 13:58:38";"udp";"172.10.1.1";5353;"172.10.1.5";5353
197;"2020-01-14 13:58:38";"udp";"172.10.1.1";5353;"172.10.1.5";5353
198;"2020-01-14 13:58:38";"udp";"172.10.1.1";5353;"172.10.1.5";5353
199;"2020-01-14 13:58:38";"udp";"172.10.1.1";5353;"172.10.1.5";5353
200;"2020-01-14 13:58:38";"udp";"172.10.1.1";137;"172.10.1.5";137
201;"2020-01-14 13:58:38";"udp";"172.10.1.1";137;"172.10.1.5";137
202;"2020-01-14 13:58:38";"udp";"172.10.1.1";5353;"172.10.1.5";5353
203;"2020-01-14 13:58:38";"udp";"172.10.1.1";5353;"172.10.1.5";5353
204;"2020-01-14 13:58:38";"udp";"172.10.1.1";5353;"172.10.1.5";5353
205;"2020-01-14 13:58:38";"udp";"172.10.1.1";5353;"172.10.1.5";5353
206;"2020-01-14 13:58:39";"tcp";"172.10.1.2";2396;"172.10.1.5";23
207;"2020-01-14 13:58:39";"udp";"172.10.1.1";137;"172.10.1.5";137
208;"2020-01-14 13:58:39";"udp";"172.10.1.1";137;"172.10.1.5";137
209;"2020-01-14 13:58:39";"udp";"172.10.1.1";5353;"172.10.1.5";5353
210;"2020-01-14 13:58:39";"udp";"172.10.1.1";5353;"172.10.1.5";5353
211;"2020-01-14 13:58:39";"udp";"172.10.1.1";5353;"172.10.1.5";5353
212;"2020-01-14 13:58:39";"udp";"172.10.1.1";5353;"172.10.1.5";5353
213;"2020-01-14 13:58:39";"udp";"172.10.1.1";5353;"172.10.1.5";5353
214;"2020-01-14 13:58:39";"udp";"172.10.1.1";5353;"172.10.1.5";5353
215;"2020-01-14 13:58:39";"udp";"172.10.1.1";5353;"172.10.1.5";5353
216;"2020-01-14 13:58:39";"udp";"172.10.1.1";5353;"172.10.1.5";5353
217;"2020-01-14 13:58:40";"udp";"172.10.1.1";137;"172.10.1.5";137
218;"2020-01-14 13:58:40";"udp";"172.10.1.1";137;"172.10.1.5";137
219;"2020-01-14 13:58:40";"tcp";"172.10.1.2";2397;"172.10.1.5";23
220;"2020-01-14 13:58:41";"tcp";"172.10.1.2";2398;"172.10.1.5";23
221;"2020-01-14 13:58:42";"tcp";"172.10.1.2";2399;"172.10.1.5";23
222;"2020-01-14 13:58:43";"udp";"172.10.1.1";5353;"172.10.1.5";5353
223;"2020-01-14 13:58:43";"udp";"172.10.1.1";5353;"172.10.1.5";5353
224;"2020-01-14 13:58:43";"udp";"172.10.1.1";5353;"172.10.1.5";5353
225;"2020-01-14 13:58:43";"udp";"172.10.1.1";5353;"172.10.1.5";5353
226;"2020-01-14 13:58:43";"udp";"172.10.1.1";5353;"172.10.1.5";5353
227;"2020-01-14 13:58:43";"udp";"172.10.1.1";137;"172.10.1.5";137
228;"2020-01-14 13:58:43";"udp";"172.10.1.1";5353;"172.10.1.5";5353
229;"2020-01-14 13:58:43";"udp";"172.10.1.1";5353;"172.10.1.5";5353
230;"2020-01-14 13:58:43";"udp";"172.10.1.1";5353;"172.10.1.5";5353
231;"2020-01-14 13:58:43";"tcp";"172.10.1.2";2400;"172.10.1.5";23
232;"2020-01-14 13:58:43";"udp";"172.10.1.1";137;"172.10.1.5";137
233;"2020-01-14 13:58:44";"udp";"172.10.1.1";5353;"172.10.1.5";5353
234;"2020-01-14 13:58:44";"udp";"172.10.1.1";5353;"172.10.1.5";5353
235;"2020-01-14 13:58:44";"udp";"172.10.1.1";5353;"172.10.1.5";5353
236;"2020-01-14 13:58:44";"udp";"172.10.1.1";5353;"172.10.1.5";5353
237;"2020-01-14 13:58:44";"udp";"172.10.1.1";5353;"172.10.1.5";5353
238;"2020-01-14 13:58:44";"udp";"172.10.1.1";5353;"172.10.1.5";5353
239;"2020-01-14 13:58:44";"udp";"172.10.1.1";5353;"172.10.1.5";5353
240;"2020-01-14 13:58:44";"udp";"172.10.1.1";5353;"172.10.1.5";5353
241;"2020-01-14 13:58:44";"tcp";"172.10.1.2";2401;"172.10.1.5";23
242;"2020-01-14 13:58:44";"udp";"172.10.1.1";137;"172.10.1.5";137
243;"2020-01-14 13:58:45";"tcp";"172.10.1.2";2402;"172.10.1.5";23
244;"2020-01-14 13:58:46";"tcp";"172.10.1.2";2403;"172.10.1.5";23
245;"2020-01-14 13:58:47";"tcp";"172.10.1.2";2404;"172.10.1.5";23
246;"2020-01-14 13:58:48";"tcp";"172.10.1.2";2405;"172.10.1.5";23
247;"2020-01-14 13:58:49";"tcp";"172.10.1.2";2406;"172.10.1.5";23
248;"2020-01-14 13:59:01";"tcp";"172.10.1.2";38828;"172.10.1.5";21
249;"2020-01-14 13:59:01";"tcp";"172.10.1.2";38828;"172.10.1.5";143
250;"2020-01-14 13:59:01";"tcp";"172.10.1.2";38828;"172.10.1.5";80
251;"2020-01-14 13:59:01";"tcp";"172.10.1.2";38828;"172.10.1.5";445
252;"2020-01-14 13:59:01";"tcp";"172.10.1.2";38828;"172.10.1.5";22
253;"2020-01-14 13:59:01";"tcp";"172.10.1.2";38828;"172.10.1.5";443
254;"2020-01-14 13:59:01";"tcp";"172.10.1.2";38828;"172.10.1.5";25
255;"2020-01-14 13:59:01";"tcp";"172.10.1.2";38828;"172.10.1.5";1720
256;"2020-01-14 13:59:01";"tcp";"172.10.1.2";38828;"172.10.1.5";554
257;"2020-01-14 13:59:01";"tcp";"172.10.1.2";38828;"172.10.1.5";139
258;"2020-01-14 13:59:01";"tcp";"172.10.1.2";38828;"172.10.1.5";199
259;"2020-01-14 13:59:01";"tcp";"172.10.1.2";38828;"172.10.1.5";256
260;"2020-01-14 13:59:01";"tcp";"172.10.1.2";38828;"172.10.1.5";8080
261;"2020-01-14 13:59:01";"tcp";"172.10.1.2";38828;"172.10.1.5";587
262;"2020-01-14 13:59:01";"tcp";"172.10.1.2";38828;"172.10.1.5";993
263;"2020-01-14 13:59:01";"tcp";"172.10.1.2";38828;"172.10.1.5";5900
264;"2020-01-14 13:59:01";"tcp";"172.10.1.2";38828;"172.10.1.5";1723
265;"2020-01-14 13:59:01";"tcp";"172.10.1.2";38828;"172.10.1.5";110
266;"2020-01-14 13:59:01";"tcp";"172.10.1.2";38828;"172.10.1.5";8888
267;"2020-01-14 13:59:01";"tcp";"172.10.1.2";38828;"172.10.1.5";135
268;"2020-01-14 13:59:01";"tcp";"172.10.1.2";38828;"172.10.1.5";111
269;"2020-01-14 13:59:01";"tcp";"172.10.1.2";38828;"172.10.1.5";1025
270;"2020-01-14 13:59:01";"tcp";"172.10.1.2";38828;"172.10.1.5";3306
271;"2020-01-14 13:59:01";"tcp";"172.10.1.2";38828;"172.10.1.5";3389
272;"2020-01-14 13:59:01";"tcp";"172.10.1.2";38828;"172.10.1.5";23
273;"2020-01-14 13:59:01";"tcp";"172.10.1.2";38828;"172.10.1.5";995
274;"2020-01-14 13:59:01";"tcp";"172.10.1.2";38828;"172.10.1.5";53
275;"2020-01-14 13:59:01";"tcp";"172.10.1.2";38828;"172.10.1.5";113
276;"2020-01-14 13:59:01";"tcp";"172.10.1.2";38828;"172.10.1.5";5357
277;"2020-01-14 13:59:01";"tcp";"172.10.1.2";38828;"172.10.1.5";668
278;"2020-01-14 13:59:01";"tcp";"172.10.1.2";38828;"172.10.1.5";5862
279;"2020-01-14 13:59:01";"tcp";"172.10.1.2";38828;"172.10.1.5";32774
280;"2020-01-14 13:59:01";"tcp";"172.10.1.2";38828;"172.10.1.5";1000
281;"2020-01-14 13:59:01";"tcp";"172.10.1.2";38828;"172.10.1.5";9503
282;"2020-01-14 13:59:01";"tcp";"172.10.1.2";38828;"172.10.1.5";6567
283;"2020-01-14 13:59:01";"tcp";"172.10.1.2";38828;"172.10.1.5";1494
284;"2020-01-14 13:59:01";"tcp";"172.10.1.2";38828;"172.10.1.5";45100
285;"2020-01-14 13:59:01";"tcp";"172.10.1.2";38828;"172.10.1.5";1099
286;"2020-01-14 13:59:01";"tcp";"172.10.1.2";38828;"172.10.1.5";8292
287;"2020-01-14 13:59:01";"tcp";"172.10.1.2";38828;"172.10.1.5";5054
288;"2020-01-14 13:59:01";"tcp";"172.10.1.2";38828;"172.10.1.5";5810
289;"2020-01-14 13:59:01";"tcp";"172.10.1.2";38828;"172.10.1.5";3390
290;"2020-01-14 13:59:01";"tcp";"172.10.1.2";38828;"172.10.1.5";2998
291;"2020-01-14 13:59:01";"tcp";"172.10.1.2";38828;"172.10.1.5";5959
292;"2020-01-14 13:59:01";"tcp";"172.10.1.2";38828;"172.10.1.5";10009
293;"2020-01-14 13:59:01";"tcp";"172.10.1.2";38828;"172.10.1.5";4567
294;"2020-01-14 13:59:01";"tcp";"172.10.1.2";38828;"172.10.1.5";1089
295;"2020-01-14 13:59:01";"tcp";"172.10.1.2";38828;"172.10.1.5";35500
296;"2020-01-14 13:59:01";"tcp";"172.10.1.2";38828;"172.10.1.5";7627
297;"2020-01-14 13:59:01";"tcp";"172.10.1.2";38828;"172.10.1.5";625
298;"2020-01-14 13:59:01";"tcp";"172.10.1.2";38828;"172.10.1.5";2701
299;"2020-01-14 13:59:01";"tcp";"172.10.1.2";38828;"172.10.1.5";1112
300;"2020-01-14 13:59:01";"tcp";"172.10.1.2";38828;"172.10.1.5";44442
301;"2020-01-14 13:59:01";"tcp";"172.10.1.2";38828;"172.10.1.5";27000
302;"2020-01-14 13:59:01";"tcp";"172.10.1.2";38828;"172.10.1.5";4006
303;"2020-01-14 13:59:01";"tcp";"172.10.1.2";38828;"172.10.1.5";179
304;"2020-01-14 13:59:01";"tcp";"172.10.1.2";38828;"172.10.1.5";60020
305;"2020-01-14 13:59:01";"tcp";"172.10.1.2";38828;"172.10.1.5";2020
306;"2020-01-14 13:59:01";"tcp";"172.10.1.2";38828;"172.10.1.5";8500
307;"2020-01-14 13:59:01";"tcp";"172.10.1.2";38828;"172.10.1.5";5903
308;"2020-01-14 13:59:01";"tcp";"172.10.1.2";38828;"172.10.1.5";1234
309;"2020-01-14 13:59:01";"tcp";"172.10.1.2";38828;"172.10.1.5";648
310;"2020-01-14 13:59:01";"tcp";"172.10.1.2";38828;"172.10.1.5";1052
311;"2020-01-14 13:59:01";"tcp";"172.10.1.2";38828;"172.10.1.5";6699
312;"2020-01-14 13:59:01";"tcp";"172.10.1.2";38828;"172.10.1.5";9207
313;"2020-01-14 13:59:01";"tcp";"172.10.1.2";38828;"172.10.1.5";9009
314;"2020-01-14 13:59:01";"tcp";"172.10.1.2";38828;"172.10.1.5";10010
315;"2020-01-14 13:59:01";"tcp";"172.10.1.2";38828;"172.10.1.5";26214
316;"2020-01-14 13:59:01";"tcp";"172.10.1.2";38828;"172.10.1.5";2251
317;"2020-01-14 13:59:01";"tcp";"172.10.1.2";38828;"172.10.1.5";2260
318;"2020-01-14 13:59:01";"tcp";"172.10.1.2";38828;"172.10.1.5";1077
319;"2020-01-14 13:59:01";"tcp";"172.10.1.2";38828;"172.10.1.5";12265
320;"2020-01-14 13:59:01";"tcp";"172.10.1.2";38828;"172.10.1.5";5221
321;"2020-01-14 13:59:01";"tcp";"172.10.1.2";38828;"172.10.1.5";12174
322;"2020-01-14 13:59:01";"tcp";"172.10.1.2";38828;"172.10.1.5";9535
323;"2020-01-14 13:59:01";"tcp";"172.10.1.2";38828;"172.10.1.5";1031
324;"2020-01-14 13:59:01";"tcp";"172.10.1.2";38828;"172.10.1.5";1036
325;"2020-01-14 13:59:01";"tcp";"172.10.1.2";38828;"172.10.1.5";2910
326;"2020-01-14 13:59:01";"tcp";"172.10.1.2";38828;"172.10.1.5";5002
327;"2020-01-14 13:59:01";"tcp";"172.10.1.2";38828;"172.10.1.5";24800
328;"2020-01-14 13:59:01";"tcp";"172.10.1.2";38828;"172.10.1.5";3000
329;"2020-01-14 13:59:01";"tcp";"172.10.1.2";38828;"172.10.1.5";5859
330;"2020-01-14 13:59:01";"tcp";"172.10.1.2";38828;"172.10.1.5";5061
331;"2020-01-14 13:59:01";"tcp";"172.10.1.2";38828;"172.10.1.5";4242
332;"2020-01-14 13:59:01";"tcp";"172.10.1.2";38828;"172.10.1.5";2601
333;"2020-01-14 13:59:01";"tcp";"172.10.1.2";38828;"172.10.1.5";9071
334;"2020-01-14 13:59:01";"tcp";"172.10.1.2";38828;"172.10.1.5";17877
335;"2020-01-14 13:59:01";"tcp";"172.10.1.2";38828;"172.10.1.5";720
336;"2020-01-14 13:59:01";"tcp";"172.10.1.2";38828;"172.10.1.5";1503
337;"2020-01-14 13:59:01";"tcp";"172.10.1.2";38828;"172.10.1.5";301
338;"2020-01-14 13:59:01";"tcp";"172.10.1.2";38828;"172.10.1.5";33899
339;"2020-01-14 13:59:01";"tcp";"172.10.1.2";38828;"172.10.1.5";4449
340;"2020-01-14 13:59:01";"tcp";"172.10.1.2";38828;"172.10.1.5";1984
341;"2020-01-14 13:59:01";"tcp";"172.10.1.2";38828;"172.10.1.5";3001
342;"2020-01-14 13:59:01";"tcp";"172.10.1.2";38828;"172.10.1.5";5030
343;"2020-01-14 13:59:01";"tcp";"172.10.1.2";38828;"172.10.1.5";146
344;"2020-01-14 13:59:01";"tcp";"172.10.1.2";38828;"172.10.1.5";5269
345;"2020-01-14 13:59:01";"tcp";"172.10.1.2";38828;"172.10.1.5";1533
346;"2020-01-14 13:59:01";"tcp";"172.10.1.2";38828;"172.10.1.5";1080
347;"2020-01-14 13:59:01";"tcp";"172.10.1.2";38828;"172.10.1.5";32772
348;"2020-01-14 13:59:01";"tcp";"172.10.1.2";38828;"172.10.1.5";32773
349;"2020-01-14 13:59:01";"tcp";"172.10.1.2";38828;"172.10.1.5";1113
350;"2020-01-14 13:59:01";"tcp";"172.10.1.2";38828;"172.10.1.5";1111
351;"2020-01-14 13:59:01";"tcp";"172.10.1.2";38828;"172.10.1.5";255
352;"2020-01-14 13:59:01";"tcp";"172.10.1.2";38828;"172.10.1.5";13782
353;"2020-01-14 13:59:01";"tcp";"172.10.1.2";38828;"172.10.1.5";464
354;"2020-01-14 13:59:01";"tcp";"172.10.1.2";38828;"172.10.1.5";1094
355;"2020-01-14 13:59:01";"tcp";"172.10.1.2";38828;"172.10.1.5";8290
356;"2020-01-14 13:59:01";"tcp";"172.10.1.2";38828;"172.10.1.5";524
357;"2020-01-14 13:59:01";"tcp";"172.10.1.2";38828;"172.10.1.5";1839
358;"2020-01-14 13:59:01";"tcp";"172.10.1.2";38828;"172.10.1.5";10778
359;"2020-01-14 13:59:01";"tcp";"172.10.1.2";38828;"172.10.1.5";8007
360;"2020-01-14 13:59:01";"tcp";"172.10.1.2";38828;"172.10.1.5";617
361;"2020-01-14 13:59:01";"tcp";"172.10.1.2";38828;"172.10.1.5";50001
362;"2020-01-14 13:59:01";"tcp";"172.10.1.2";38828;"172.10.1.5";1104
363;"2020-01-14 13:59:01";"tcp";"172.10.1.2";38828;"172.10.1.5";28201
364;"2020-01-14 13:59:01";"tcp";"172.10.1.2";38828;"172.10.1.5";1055
365;"2020-01-14 13:59:01";"tcp";"172.10.1.2";38828;"172.10.1.5";7019
366;"2020-01-14 13:59:01";"tcp";"172.10.1.2";38828;"172.10.1.5";27353
367;"2020-01-14 13:59:01";"tcp";"172.10.1.2";38828;"172.10.1.5";7625
368;"2020-01-14 13:59:01";"tcp";"172.10.1.2";38828;"172.10.1.5";6346
369;"2020-01-14 13:59:01";"tcp";"172.10.1.2";38828;"172.10.1.5";2005
370;"2020-01-14 13:59:01";"tcp";"172.10.1.2";38828;"172.10.1.5";5801
371;"2020-01-14 13:59:01";"tcp";"172.10.1.2";38828;"172.10.1.5";7777
372;"2020-01-14 13:59:01";"tcp";"172.10.1.2";38828;"172.10.1.5";500
373;"2020-01-14 13:59:01";"tcp";"172.10.1.2";38828;"172.10.1.5";711
374;"2020-01-14 13:59:01";"tcp";"172.10.1.2";38828;"172.10.1.5";616
375;"2020-01-14 13:59:01";"tcp";"172.10.1.2";38828;"172.10.1.5";3333
376;"2020-01-14 13:59:01";"tcp";"172.10.1.2";38828;"172.10.1.5";6792
377;"2020-01-14 13:59:01";"tcp";"172.10.1.2";38828;"172.10.1.5";9099
378;"2020-01-14 13:59:01";"tcp";"172.10.1.2";38828;"172.10.1.5";50300
379;"2020-01-14 13:59:01";"tcp";"172.10.1.2";38828;"172.10.1.5";2605
380;"2020-01-14 13:59:01";"tcp";"172.10.1.2";38828;"172.10.1.5";2135
381;"2020-01-14 13:59:01";"tcp";"172.10.1.2";38828;"172.10.1.5";4005
382;"2020-01-14 13:59:01";"tcp";"172.10.1.2";38828;"172.10.1.5";5822
383;"2020-01-14 13:59:01";"tcp";"172.10.1.2";38828;"172.10.1.5";8100
384;"2020-01-14 13:59:01";"tcp";"172.10.1.2";38828;"172.10.1.5";2106
385;"2020-01-14 13:59:01";"tcp";"172.10.1.2";38828;"172.10.1.5";1044
386;"2020-01-14 13:59:01";"tcp";"172.10.1.2";38828;"172.10.1.5";1026
387;"2020-01-14 13:59:01";"tcp";"172.10.1.2";38828;"172.10.1.5";8651
388;"2020-01-14 13:59:01";"tcp";"172.10.1.2";38828;"172.10.1.5";3301
389;"2020-01-14 13:59:01";"tcp";"172.10.1.2";38828;"172.10.1.5";2557
390;"2020-01-14 13:59:01";"tcp";"172.10.1.2";38828;"172.10.1.5";4662
391;"2020-01-14 13:59:01";"tcp";"172.10.1.2";38828;"172.10.1.5";2010
392;"2020-01-14 13:59:01";"tcp";"172.10.1.2";38828;"172.10.1.5";9101
393;"2020-01-14 13:59:01";"tcp";"172.10.1.2";38828;"172.10.1.5";32778
394;"2020-01-14 13:59:01";"tcp";"172.10.1.2";38828;"172.10.1.5";4445
395;"2020-01-14 13:59:01";"tcp";"172.10.1.2";38828;"172.10.1.5";10025
396;"2020-01-14 13:59:01";"tcp";"172.10.1.2";38828;"172.10.1.5";425
397;"2020-01-14 13:59:01";"tcp";"172.10.1.2";38828;"172.10.1.5";1122
398;"2020-01-14 13:59:01";"tcp";"172.10.1.2";38828;"172.10.1.5";7201
399;"2020-01-14 13:59:01";"tcp";"172.10.1.2";38828;"172.10.1.5";4321
400;"2020-01-14 13:59:01";"tcp";"172.10.1.2";38828;"172.10.1.5";6100
401;"2020-01-14 13:59:01";"tcp";"172.10.1.2";38828;"172.10.1.5";49175
402;"2020-01-14 13:59:01";"tcp";"172.10.1.2";38828;"172.10.1.5";5999
403;"2020-01-14 13:59:01";"tcp";"172.10.1.2";38828;"172.10.1.5";14238
404;"2020-01-14 13:59:01";"tcp";"172.10.1.2";38828;"172.10.1.5";5190
405;"2020-01-14 13:59:01";"tcp";"172.10.1.2";38828;"172.10.1.5";8300
406;"2020-01-14 13:59:01";"tcp";"172.10.1.2";38828;"172.10.1.5";880
407;"2020-01-14 13:59:01";"tcp";"172.10.1.2";38828;"172.10.1.5";1069
408;"2020-01-14 13:59:01";"tcp";"172.10.1.2";38828;"172.10.1.5";1079
409;"2020-01-14 13:59:01";"tcp";"172.10.1.2";38828;"172.10.1.5";100
410;"2020-01-14 13:59:01";"tcp";"172.10.1.2";38828;"172.10.1.5";55600
411;"2020-01-14 13:59:01";"tcp";"172.10.1.2";38828;"172.10.1.5";1875
412;"2020-01-14 13:59:01";"tcp";"172.10.1.2";38828;"172.10.1.5";1059
413;"2020-01-14 13:59:01";"tcp";"172.10.1.2";38828;"172.10.1.5";9485
414;"2020-01-14 13:59:01";"tcp";"172.10.1.2";38828;"172.10.1.5";8031
415;"2020-01-14 13:59:02";"tcp";"172.10.1.2";38829;"172.10.1.5";4045
416;"2020-01-14 13:59:02";"tcp";"172.10.1.2";38829;"172.10.1.5";49400
417;"2020-01-14 13:59:02";"tcp";"172.10.1.2";38828;"172.10.1.5";1216
418;"2020-01-14 13:59:02";"tcp";"172.10.1.2";38828;"172.10.1.5";1166
419;"2020-01-14 13:59:02";"tcp";"172.10.1.2";38828;"172.10.1.5";4224
420;"2020-01-14 13:59:02";"tcp";"172.10.1.2";38828;"172.10.1.5";5950
421;"2020-01-14 13:59:02";"tcp";"172.10.1.2";38828;"172.10.1.5";4279
422;"2020-01-14 13:59:02";"tcp";"172.10.1.2";38828;"172.10.1.5";9081
423;"2020-01-14 13:59:02";"tcp";"172.10.1.2";38828;"172.10.1.5";19801
424;"2020-01-14 13:59:02";"tcp";"172.10.1.2";38828;"172.10.1.5";5718
425;"2020-01-14 13:59:02";"tcp";"172.10.1.2";38828;"172.10.1.5";49161
426;"2020-01-14 13:59:02";"tcp";"172.10.1.2";38828;"172.10.1.5";990
427;"2020-01-14 13:59:02";"tcp";"172.10.1.2";38828;"172.10.1.5";2394
428;"2020-01-14 13:59:02";"tcp";"172.10.1.2";38828;"172.10.1.5";109
429;"2020-01-14 13:59:02";"tcp";"172.10.1.2";38828;"172.10.1.5";9415
430;"2020-01-14 13:59:02";"tcp";"172.10.1.2";38828;"172.10.1.5";6547
431;"2020-01-14 13:59:02";"tcp";"172.10.1.2";38828;"172.10.1.5";1024
432;"2020-01-14 13:59:02";"tcp";"172.10.1.2";38828;"172.10.1.5";8443
433;"2020-01-14 13:59:02";"tcp";"172.10.1.2";38828;"172.10.1.5";1083
434;"2020-01-14 13:59:02";"tcp";"172.10.1.2";38828;"172.10.1.5";514
435;"2020-01-14 13:59:02";"tcp";"172.10.1.2";38828;"172.10.1.5";16012
436;"2020-01-14 13:59:02";"tcp";"172.10.1.2";38828;"172.10.1.5";7911
437;"2020-01-14 13:59:02";"tcp";"172.10.1.2";38828;"172.10.1.5";27352
438;"2020-01-14 13:59:02";"tcp";"172.10.1.2";38828;"172.10.1.5";18101
439;"2020-01-14 13:59:02";"tcp";"172.10.1.2";38828;"172.10.1.5";52869
440;"2020-01-14 13:59:02";"tcp";"172.10.1.2";38828;"172.10.1.5";1328
441;"2020-01-14 13:59:02";"tcp";"172.10.1.2";38828;"172.10.1.5";2034
442;"2020-01-14 13:59:02";"tcp";"172.10.1.2";38828;"172.10.1.5";5998
443;"2020-01-14 13:59:02";"tcp";"172.10.1.2";38828;"172.10.1.5";60443
444;"2020-01-14 13:59:02";"tcp";"172.10.1.2";38828;"172.10.1.5";9943
445;"2020-01-14 13:59:02";"tcp";"172.10.1.2";38828;"172.10.1.5";6839
446;"2020-01-14 13:59:02";"tcp";"172.10.1.2";38828;"172.10.1.5";1130
447;"2020-01-14 13:59:02";"tcp";"172.10.1.2";38828;"172.10.1.5";6005
448;"2020-01-14 13:59:02";"tcp";"172.10.1.2";38828;"172.10.1.5";49176
449;"2020-01-14 13:59:02";"tcp";"172.10.1.2";38828;"172.10.1.5";6002
450;"2020-01-14 13:59:02";"tcp";"172.10.1.2";38828;"172.10.1.5";8194
451;"2020-01-14 13:59:02";"tcp";"172.10.1.2";38828;"172.10.1.5";2046
452;"2020-01-14 13:59:02";"tcp";"172.10.1.2";38828;"172.10.1.5";1805
453;"2020-01-14 13:59:02";"tcp";"172.10.1.2";38828;"172.10.1.5";1107
454;"2020-01-14 13:59:02";"tcp";"172.10.1.2";38828;"172.10.1.5";56738
455;"2020-01-14 13:59:02";"tcp";"172.10.1.2";38828;"172.10.1.5";32771
456;"2020-01-14 13:59:02";"tcp";"172.10.1.2";38828;"172.10.1.5";7025
457;"2020-01-14 13:59:02";"tcp";"172.10.1.2";38828;"172.10.1.5";9898
458;"2020-01-14 13:59:02";"tcp";"172.10.1.2";38828;"172.10.1.5";19780
459;"2020-01-14 13:59:02";"tcp";"172.10.1.2";38828;"172.10.1.5";1095
460;"2020-01-14 13:59:02";"tcp";"172.10.1.2";38828;"172.10.1.5";2222
461;"2020-01-14 13:59:02";"tcp";"172.10.1.2";38828;"172.10.1.5";2043
462;"2020-01-14 13:59:02";"tcp";"172.10.1.2";38828;"172.10.1.5";44443
463;"2020-01-14 13:59:02";"tcp";"172.10.1.2";38828;"172.10.1.5";1755
464;"2020-01-14 13:59:02";"tcp";"172.10.1.2";38828;"172.10.1.5";1218
465;"2020-01-14 13:59:02";"tcp";"172.10.1.2";38828;"172.10.1.5";31337
466;"2020-01-14 13:59:02";"tcp";"172.10.1.2";38828;"172.10.1.5";20222
467;"2020-01-14 13:59:02";"tcp";"172.10.1.2";38828;"172.10.1.5";6004
468;"2020-01-14 13:59:02";"tcp";"172.10.1.2";38828;"172.10.1.5";49165
469;"2020-01-14 13:59:02";"tcp";"172.10.1.2";38828;"172.10.1.5";1149
470;"2020-01-14 13:59:02";"tcp";"172.10.1.2";38828;"172.10.1.5";19315
471;"2020-01-14 13:59:02";"tcp";"172.10.1.2";38828;"172.10.1.5";6969
472;"2020-01-14 13:59:02";"tcp";"172.10.1.2";38828;"172.10.1.5";8701
473;"2020-01-14 13:59:02";"tcp";"172.10.1.2";38828;"172.10.1.5";3325
474;"2020-01-14 13:59:02";"tcp";"172.10.1.2";38828;"172.10.1.5";1075
475;"2020-01-14 13:59:02";"tcp";"172.10.1.2";38828;"172.10.1.5";9100
476;"2020-01-14 13:59:02";"tcp";"172.10.1.2";38828;"172.10.1.5";5566
477;"2020-01-14 13:59:02";"tcp";"172.10.1.2";38828;"172.10.1.5";427
478;"2020-01-14 13:59:02";"tcp";"172.10.1.2";38828;"172.10.1.5";705
479;"2020-01-14 13:59:02";"tcp";"172.10.1.2";38828;"172.10.1.5";563
480;"2020-01-14 13:59:02";"tcp";"172.10.1.2";38828;"172.10.1.5";24
481;"2020-01-14 13:59:02";"tcp";"172.10.1.2";38828;"172.10.1.5";1761
482;"2020-01-14 13:59:02";"tcp";"172.10.1.2";38828;"172.10.1.5";1047
483;"2020-01-14 13:59:02";"tcp";"172.10.1.2";38828;"172.10.1.5";687
484;"2020-01-14 13:59:03";"tcp";"172.10.1.2";38828;"172.10.1.5";106
485;"2020-01-14 13:59:03";"tcp";"172.10.1.2";38828;"172.10.1.5";992
486;"2020-01-14 13:59:03";"tcp";"172.10.1.2";38828;"172.10.1.5";2161
487;"2020-01-14 13:59:03";"tcp";"172.10.1.2";38828;"172.10.1.5";9878
488;"2020-01-14 13:59:03";"tcp";"172.10.1.2";38828;"172.10.1.5";20031
489;"2020-01-14 13:59:03";"tcp";"172.10.1.2";38828;"172.10.1.5";3005
490;"2020-01-14 13:59:03";"tcp";"172.10.1.2";38828;"172.10.1.5";3690
491;"2020-01-14 13:59:03";"tcp";"172.10.1.2";38828;"172.10.1.5";2030
492;"2020-01-14 13:59:03";"tcp";"172.10.1.2";38828;"172.10.1.5";3071
493;"2020-01-14 13:59:03";"tcp";"172.10.1.2";38828;"172.10.1.5";9593
494;"2020-01-14 13:59:03";"tcp";"172.10.1.2";38828;"172.10.1.5";10215
495;"2020-01-14 13:59:03";"tcp";"172.10.1.2";38828;"172.10.1.5";65389
496;"2020-01-14 13:59:03";"tcp";"172.10.1.2";38828;"172.10.1.5";8090
497;"2020-01-14 13:59:03";"tcp";"172.10.1.2";38828;"172.10.1.5";1700
498;"2020-01-14 13:59:03";"tcp";"172.10.1.2";38828;"172.10.1.5";5800
499;"2020-01-14 13:59:03";"tcp";"172.10.1.2";38828;"172.10.1.5";3269
500;"2020-01-14 13:59:03";"tcp";"172.10.1.2";38828;"172.10.1.5";3517
501;"2020-01-14 13:59:03";"tcp";"172.10.1.2";38828;"172.10.1.5";1067
502;"2020-01-14 13:59:03";"tcp";"172.10.1.2";38828;"172.10.1.5";10082
503;"2020-01-14 13:59:03";"tcp";"172.10.1.2";38828;"172.10.1.5";3826
504;"2020-01-14 13:59:03";"tcp";"172.10.1.2";38828;"172.10.1.5";10626
505;"2020-01-14 13:59:03";"tcp";"172.10.1.2";38828;"172.10.1.5";3527
506;"2020-01-14 13:59:03";"tcp";"172.10.1.2";38828;"172.10.1.5";1862
507;"2020-01-14 13:59:03";"tcp";"172.10.1.2";38828;"172.10.1.5";10003
508;"2020-01-14 13:59:03";"tcp";"172.10.1.2";38828;"172.10.1.5";9091
509;"2020-01-14 13:59:03";"tcp";"172.10.1.2";38828;"172.10.1.5";9290
510;"2020-01-14 13:59:03";"tcp";"172.10.1.2";38828;"172.10.1.5";2401
511;"2020-01-14 13:59:03";"tcp";"172.10.1.2";38828;"172.10.1.5";2022
512;"2020-01-14 13:59:03";"tcp";"172.10.1.2";38828;"172.10.1.5";1433
513;"2020-01-14 13:59:03";"tcp";"172.10.1.2";38828;"172.10.1.5";10566
514;"2020-01-14 13:59:03";"tcp";"172.10.1.2";38828;"172.10.1.5";2920
515;"2020-01-14 13:59:03";"tcp";"172.10.1.2";38828;"172.10.1.5";1947
516;"2020-01-14 13:59:03";"tcp";"172.10.1.2";38828;"172.10.1.5";2065
517;"2020-01-14 13:59:03";"tcp";"172.10.1.2";38828;"172.10.1.5";1236
518;"2020-01-14 13:59:03";"tcp";"172.10.1.2";38828;"172.10.1.5";49154
519;"2020-01-14 13:59:03";"tcp";"172.10.1.2";38828;"172.10.1.5";7921
520;"2020-01-14 13:59:03";"tcp";"172.10.1.2";38828;"172.10.1.5";65129
521;"2020-01-14 13:59:03";"tcp";"172.10.1.2";38828;"172.10.1.5";50389
522;"2020-01-14 13:59:03";"tcp";"172.10.1.2";38828;"172.10.1.5";2001
523;"2020-01-14 13:59:03";"tcp";"172.10.1.2";38828;"172.10.1.5";8042
524;"2020-01-14 13:59:03";"tcp";"172.10.1.2";38828;"172.10.1.5";5989
525;"2020-01-14 13:59:03";"tcp";"172.10.1.2";38828;"172.10.1.5";20000
526;"2020-01-14 13:59:03";"tcp";"172.10.1.2";38828;"172.10.1.5";4
527;"2020-01-14 13:59:03";"tcp";"172.10.1.2";38829;"172.10.1.5";2200
528;"2020-01-14 13:59:03";"tcp";"172.10.1.2";38829;"172.10.1.5";49152
529;"2020-01-14 13:59:03";"tcp";"172.10.1.2";38829;"172.10.1.5";49155
530;"2020-01-14 13:59:03";"tcp";"172.10.1.2";38829;"172.10.1.5";3766
531;"2020-01-14 13:59:03";"tcp";"172.10.1.2";38829;"172.10.1.5";902
532;"2020-01-14 13:59:03";"tcp";"172.10.1.2";38829;"172.10.1.5";7778
533;"2020-01-14 13:59:03";"tcp";"172.10.1.2";38828;"172.10.1.5";264
534;"2020-01-14 13:59:03";"tcp";"172.10.1.2";38828;"172.10.1.5";5825
535;"2020-01-14 13:59:03";"tcp";"172.10.1.2";38828;"172.10.1.5";1248
536;"2020-01-14 13:59:03";"tcp";"172.10.1.2";38828;"172.10.1.5";2179
537;"2020-01-14 13:59:03";"tcp";"172.10.1.2";38828;"172.10.1.5";9000
538;"2020-01-14 13:59:03";"tcp";"172.10.1.2";38828;"172.10.1.5";5298
539;"2020-01-14 13:59:03";"tcp";"172.10.1.2";38828;"172.10.1.5";5988
540;"2020-01-14 13:59:03";"tcp";"172.10.1.2";38828;"172.10.1.5";34572
541;"2020-01-14 13:59:03";"tcp";"172.10.1.2";38828;"172.10.1.5";2190
542;"2020-01-14 13:59:03";"tcp";"172.10.1.2";38828;"172.10.1.5";1126
543;"2020-01-14 13:59:03";"tcp";"172.10.1.2";38828;"172.10.1.5";6689
544;"2020-01-14 13:59:03";"tcp";"172.10.1.2";38828;"172.10.1.5";8011
545;"2020-01-14 13:59:03";"tcp";"172.10.1.2";38828;"172.10.1.5";3828
546;"2020-01-14 13:59:03";"tcp";"172.10.1.2";38828;"172.10.1.5";15742
547;"2020-01-14 13:59:03";"tcp";"172.10.1.2";38828;"172.10.1.5";3324
548;"2020-01-14 13:59:03";"tcp";"172.10.1.2";38828;"172.10.1.5";3128
549;"2020-01-14 13:59:03";"tcp";"172.10.1.2";38828;"172.10.1.5";58080
550;"2020-01-14 13:59:03";"tcp";"172.10.1.2";38828;"172.10.1.5";26
551;"2020-01-14 13:59:03";"tcp";"172.10.1.2";38828;"172.10.1.5";2525
552;"2020-01-14 13:59:03";"tcp";"172.10.1.2";38828;"172.10.1.5";32781
553;"2020-01-14 13:59:03";"tcp";"172.10.1.2";38828;"172.10.1.5";1098
554;"2020-01-14 13:59:03";"tcp";"172.10.1.2";38828;"172.10.1.5";2068
555;"2020-01-14 13:59:03";"tcp";"172.10.1.2";38828;"172.10.1.5";7002
556;"2020-01-14 13:59:03";"tcp";"172.10.1.2";38828;"172.10.1.5";32777
557;"2020-01-14 13:59:03";"tcp";"172.10.1.2";38828;"172.10.1.5";4004
558;"2020-01-14 13:59:03";"tcp";"172.10.1.2";38828;"172.10.1.5";3260
559;"2020-01-14 13:59:03";"tcp";"172.10.1.2";38828;"172.10.1.5";1027
560;"2020-01-14 13:59:03";"tcp";"172.10.1.2";38828;"172.10.1.5";700
561;"2020-01-14 13:59:03";"tcp";"172.10.1.2";38828;"172.10.1.5";1078
562;"2020-01-14 13:59:03";"tcp";"172.10.1.2";38828;"172.10.1.5";1300
563;"2020-01-14 13:59:03";"tcp";"172.10.1.2";38828;"172.10.1.5";8008
564;"2020-01-14 13:59:03";"tcp";"172.10.1.2";38828;"172.10.1.5";1035
565;"2020-01-14 13:59:03";"tcp";"172.10.1.2";38828;"172.10.1.5";5911
566;"2020-01-14 13:59:03";"tcp";"172.10.1.2";38828;"172.10.1.5";82
567;"2020-01-14 13:59:03";"tcp";"172.10.1.2";38828;"172.10.1.5";3268
568;"2020-01-14 13:59:03";"tcp";"172.10.1.2";38828;"172.10.1.5";1154
569;"2020-01-14 13:59:03";"tcp";"172.10.1.2";38828;"172.10.1.5";3871
570;"2020-01-14 13:59:03";"tcp";"172.10.1.2";38828;"172.10.1.5";1717
571;"2020-01-14 13:59:03";"tcp";"172.10.1.2";38828;"172.10.1.5";7676
572;"2020-01-14 13:59:03";"tcp";"172.10.1.2";38828;"172.10.1.5";55055
573;"2020-01-14 13:59:03";"tcp";"172.10.1.2";38828;"172.10.1.5";2702
574;"2020-01-14 13:59:03";"tcp";"172.10.1.2";38828;"172.10.1.5";1583
575;"2020-01-14 13:59:03";"tcp";"172.10.1.2";38828;"172.10.1.5";646
576;"2020-01-14 13:59:03";"tcp";"172.10.1.2";38828;"172.10.1.5";4848
577;"2020-01-14 13:59:03";"tcp";"172.10.1.2";38828;"172.10.1.5";5922
578;"2020-01-14 13:59:03";"tcp";"172.10.1.2";38828;"172.10.1.5";465
579;"2020-01-14 13:59:03";"tcp";"172.10.1.2";38828;"172.10.1.5";9502
580;"2020-01-14 13:59:03";"tcp";"172.10.1.2";38828;"172.10.1.5";4900
581;"2020-01-14 13:59:03";"tcp";"172.10.1.2";38828;"172.10.1.5";1935
582;"2020-01-14 13:59:03";"tcp";"172.10.1.2";38828;"172.10.1.5";3971
583;"2020-01-14 13:59:03";"tcp";"172.10.1.2";38828;"172.10.1.5";32783
584;"2020-01-14 13:59:03";"tcp";"172.10.1.2";38828;"172.10.1.5";32784
585;"2020-01-14 13:59:03";"tcp";"172.10.1.2";38828;"172.10.1.5";90
586;"2020-01-14 13:59:03";"tcp";"172.10.1.2";38828;"172.10.1.5";5060
587;"2020-01-14 13:59:03";"tcp";"172.10.1.2";38828;"172.10.1.5";1971
588;"2020-01-14 13:59:03";"tcp";"172.10.1.2";38828;"172.10.1.5";9040
589;"2020-01-14 13:59:03";"tcp";"172.10.1.2";38828;"172.10.1.5";3322
590;"2020-01-14 13:59:03";"tcp";"172.10.1.2";38828;"172.10.1.5";406
591;"2020-01-14 13:59:03";"tcp";"172.10.1.2";38828;"172.10.1.5";6565
592;"2020-01-14 13:59:03";"tcp";"172.10.1.2";38828;"172.10.1.5";2021
593;"2020-01-14 13:59:03";"tcp";"172.10.1.2";38828;"172.10.1.5";9102
594;"2020-01-14 13:59:03";"tcp";"172.10.1.2";38828;"172.10.1.5";54328
595;"2020-01-14 13:59:03";"tcp";"172.10.1.2";38828;"172.10.1.5";9103
596;"2020-01-14 13:59:03";"tcp";"172.10.1.2";38828;"172.10.1.5";2107
597;"2020-01-14 13:59:03";"tcp";"172.10.1.2";38828;"172.10.1.5";3580
598;"2020-01-14 13:59:03";"tcp";"172.10.1.2";38828;"172.10.1.5";52848
599;"2020-01-14 13:59:03";"tcp";"172.10.1.2";38828;"172.10.1.5";3945
600;"2020-01-14 13:59:03";"tcp";"172.10.1.2";38828;"172.10.1.5";5679
601;"2020-01-14 13:59:03";"tcp";"172.10.1.2";38828;"172.10.1.5";545
602;"2020-01-14 13:59:03";"tcp";"172.10.1.2";38828;"172.10.1.5";5003
603;"2020-01-14 13:59:03";"tcp";"172.10.1.2";38828;"172.10.1.5";9944
604;"2020-01-14 13:59:03";"tcp";"172.10.1.2";38828;"172.10.1.5";8181
605;"2020-01-14 13:59:03";"tcp";"172.10.1.2";38828;"172.10.1.5";2119
606;"2020-01-14 13:59:03";"tcp";"172.10.1.2";38828;"172.10.1.5";1065
607;"2020-01-14 13:59:03";"tcp";"172.10.1.2";38828;"172.10.1.5";40193
608;"2020-01-14 13:59:03";"tcp";"172.10.1.2";38828;"172.10.1.5";6646
609;"2020-01-14 13:59:03";"tcp";"172.10.1.2";38828;"172.10.1.5";6059
610;"2020-01-14 13:59:03";"tcp";"172.10.1.2";38828;"172.10.1.5";222
611;"2020-01-14 13:59:03";"tcp";"172.10.1.2";38828;"172.10.1.5";211
612;"2020-01-14 13:59:03";"tcp";"172.10.1.2";38828;"172.10.1.5";49159
613;"2020-01-14 13:59:03";"tcp";"172.10.1.2";38828;"172.10.1.5";1718
614;"2020-01-14 13:59:03";"tcp";"172.10.1.2";38828;"172.10.1.5";1782
615;"2020-01-14 13:59:03";"tcp";"172.10.1.2";38828;"172.10.1.5";9594
616;"2020-01-14 13:59:03";"tcp";"172.10.1.2";38828;"172.10.1.5";3784
617;"2020-01-14 13:59:03";"tcp";"172.10.1.2";38828;"172.10.1.5";10243
618;"2020-01-14 13:59:03";"tcp";"172.10.1.2";38828;"172.10.1.5";9
619;"2020-01-14 13:59:03";"tcp";"172.10.1.2";38828;"172.10.1.5";1108
620;"2020-01-14 13:59:04";"tcp";"172.10.1.2";38829;"172.10.1.5";41511
621;"2020-01-14 13:59:04";"tcp";"172.10.1.2";38829;"172.10.1.5";5910
622;"2020-01-14 13:59:04";"tcp";"172.10.1.2";38829;"172.10.1.5";9917
623;"2020-01-14 13:59:04";"tcp";"172.10.1.2";38830;"172.10.1.5";1148
624;"2020-01-14 13:59:04";"tcp";"172.10.1.2";38828;"172.10.1.5";2099
625;"2020-01-14 13:59:04";"tcp";"172.10.1.2";38828;"172.10.1.5";1076
626;"2020-01-14 13:59:04";"tcp";"172.10.1.2";38828;"172.10.1.5";70
627;"2020-01-14 13:59:04";"tcp";"172.10.1.2";38828;"172.10.1.5";7200
628;"2020-01-14 13:59:04";"tcp";"172.10.1.2";38828;"172.10.1.5";8085
629;"2020-01-14 13:59:04";"tcp";"172.10.1.2";38828;"172.10.1.5";14441
630;"2020-01-14 13:59:04";"tcp";"172.10.1.2";38828;"172.10.1.5";5001
631;"2020-01-14 13:59:04";"tcp";"172.10.1.2";38828;"172.10.1.5";7070
632;"2020-01-14 13:59:04";"tcp";"172.10.1.2";38828;"172.10.1.5";27355
633;"2020-01-14 13:59:04";"tcp";"172.10.1.2";38828;"172.10.1.5";2002
634;"2020-01-14 13:59:04";"tcp";"172.10.1.2";38828;"172.10.1.5";1029
635;"2020-01-14 13:59:04";"tcp";"172.10.1.2";38828;"172.10.1.5";1417
636;"2020-01-14 13:59:04";"tcp";"172.10.1.2";38828;"172.10.1.5";6123
637;"2020-01-14 13:59:04";"tcp";"172.10.1.2";38828;"172.10.1.5";389
638;"2020-01-14 13:59:04";"tcp";"172.10.1.2";38828;"172.10.1.5";1086
639;"2020-01-14 13:59:04";"tcp";"172.10.1.2";38828;"172.10.1.5";5222
640;"2020-01-14 13:59:04";"tcp";"172.10.1.2";38828;"172.10.1.5";32780
641;"2020-01-14 13:59:04";"tcp";"172.10.1.2";38828;"172.10.1.5";5440
642;"2020-01-14 13:59:04";"tcp";"172.10.1.2";38828;"172.10.1.5";5431
643;"2020-01-14 13:59:04";"tcp";"172.10.1.2";38828;"172.10.1.5";6881
644;"2020-01-14 13:59:04";"tcp";"172.10.1.2";38828;"172.10.1.5";3030
645;"2020-01-14 13:59:04";"tcp";"172.10.1.2";38828;"172.10.1.5";16993
646;"2020-01-14 13:59:04";"tcp";"172.10.1.2";38828;"172.10.1.5";1070
647;"2020-01-14 13:59:04";"tcp";"172.10.1.2";38828;"172.10.1.5";81
648;"2020-01-14 13:59:04";"tcp";"172.10.1.2";38828;"172.10.1.5";5120
649;"2020-01-14 13:59:04";"tcp";"172.10.1.2";38828;"172.10.1.5";2607
650;"2020-01-14 13:59:04";"tcp";"172.10.1.2";38828;"172.10.1.5";6009
651;"2020-01-14 13:59:04";"tcp";"172.10.1.2";38828;"172.10.1.5";1042
652;"2020-01-14 13:59:04";"tcp";"172.10.1.2";38828;"172.10.1.5";1864
653;"2020-01-14 13:59:04";"tcp";"172.10.1.2";38828;"172.10.1.5";2013
654;"2020-01-14 13:59:04";"tcp";"172.10.1.2";38828;"172.10.1.5";9998
655;"2020-01-14 13:59:04";"tcp";"172.10.1.2";38828;"172.10.1.5";25735
656;"2020-01-14 13:59:04";"tcp";"172.10.1.2";38828;"172.10.1.5";19350
657;"2020-01-14 13:59:04";"tcp";"172.10.1.2";38828;"172.10.1.5";50000
658;"2020-01-14 13:59:04";"tcp";"172.10.1.2";38828;"172.10.1.5";4125
659;"2020-01-14 13:59:04";"tcp";"172.10.1.2";38828;"172.10.1.5";7920
660;"2020-01-14 13:59:04";"tcp";"172.10.1.2";38828;"172.10.1.5";458
661;"2020-01-14 13:59:04";"tcp";"172.10.1.2";38828;"172.10.1.5";1443
662;"2020-01-14 13:59:04";"tcp";"172.10.1.2";38828;"172.10.1.5";1914
663;"2020-01-14 13:59:04";"tcp";"172.10.1.2";38828;"172.10.1.5";10629
664;"2020-01-14 13:59:04";"tcp";"172.10.1.2";38828;"172.10.1.5";5901
665;"2020-01-14 13:59:04";"tcp";"172.10.1.2";38828;"172.10.1.5";3998
666;"2020-01-14 13:59:04";"tcp";"172.10.1.2";38828;"172.10.1.5";1037
667;"2020-01-14 13:59:04";"tcp";"172.10.1.2";38828;"172.10.1.5";1186
668;"2020-01-14 13:59:04";"tcp";"172.10.1.2";38828;"172.10.1.5";3168
669;"2020-01-14 13:59:04";"tcp";"172.10.1.2";38828;"172.10.1.5";1244
670;"2020-01-14 13:59:04";"tcp";"172.10.1.2";38828;"172.10.1.5";14000
671;"2020-01-14 13:59:04";"tcp";"172.10.1.2";38828;"172.10.1.5";4998
672;"2020-01-14 13:59:04";"tcp";"172.10.1.2";38828;"172.10.1.5";1272
673;"2020-01-14 13:59:04";"tcp";"172.10.1.2";38828;"172.10.1.5";144
674;"2020-01-14 13:59:04";"tcp";"172.10.1.2";38828;"172.10.1.5";3261
675;"2020-01-14 13:59:04";"tcp";"172.10.1.2";38828;"172.10.1.5";17
676;"2020-01-14 13:59:04";"tcp";"172.10.1.2";38828;"172.10.1.5";1152
677;"2020-01-14 13:59:04";"tcp";"172.10.1.2";38828;"172.10.1.5";9877
678;"2020-01-14 13:59:04";"tcp";"172.10.1.2";38828;"172.10.1.5";1071
679;"2020-01-14 13:59:04";"tcp";"172.10.1.2";38828;"172.10.1.5";9080
680;"2020-01-14 13:59:04";"tcp";"172.10.1.2";38828;"172.10.1.5";9200
681;"2020-01-14 13:59:04";"tcp";"172.10.1.2";38828;"172.10.1.5";49
682;"2020-01-14 13:59:04";"tcp";"172.10.1.2";38828;"172.10.1.5";2040
683;"2020-01-14 13:59:04";"tcp";"172.10.1.2";38828;"172.10.1.5";873
684;"2020-01-14 13:59:04";"tcp";"172.10.1.2";38828;"172.10.1.5";3905
685;"2020-01-14 13:59:04";"tcp";"172.10.1.2";38828;"172.10.1.5";683
686;"2020-01-14 13:59:04";"tcp";"172.10.1.2";38828;"172.10.1.5";1087
687;"2020-01-14 13:59:04";"tcp";"172.10.1.2";38828;"172.10.1.5";9666
688;"2020-01-14 13:59:04";"tcp";"172.10.1.2";38828;"172.10.1.5";8009
689;"2020-01-14 13:59:04";"tcp";"172.10.1.2";38828;"172.10.1.5";2800
690;"2020-01-14 13:59:04";"tcp";"172.10.1.2";38828;"172.10.1.5";2288
691;"2020-01-14 13:59:04";"tcp";"172.10.1.2";38828;"172.10.1.5";1032
692;"2020-01-14 13:59:04";"tcp";"172.10.1.2";38828;"172.10.1.5";3880
693;"2020-01-14 13:59:04";"tcp";"172.10.1.2";38828;"172.10.1.5";6543
694;"2020-01-14 13:59:04";"tcp";"172.10.1.2";38828;"172.10.1.5";808
695;"2020-01-14 13:59:04";"tcp";"172.10.1.2";38828;"172.10.1.5";5225
696;"2020-01-14 13:59:04";"tcp";"172.10.1.2";38828;"172.10.1.5";38292
697;"2020-01-14 13:59:04";"tcp";"172.10.1.2";38828;"172.10.1.5";3323
698;"2020-01-14 13:59:04";"tcp";"172.10.1.2";38828;"172.10.1.5";3703
699;"2020-01-14 13:59:04";"tcp";"172.10.1.2";38828;"172.10.1.5";6007
700;"2020-01-14 13:59:04";"tcp";"172.10.1.2";38828;"172.10.1.5";1163
701;"2020-01-14 13:59:04";"tcp";"172.10.1.2";38829;"172.10.1.5";981
702;"2020-01-14 13:59:04";"tcp";"172.10.1.2";38828;"172.10.1.5";5802
703;"2020-01-14 13:59:04";"tcp";"172.10.1.2";38828;"172.10.1.5";1105
704;"2020-01-14 13:59:04";"tcp";"172.10.1.2";38828;"172.10.1.5";6669
705;"2020-01-14 13:59:04";"tcp";"172.10.1.2";38828;"172.10.1.5";1783
706;"2020-01-14 13:59:04";"tcp";"172.10.1.2";38828;"172.10.1.5";8200
707;"2020-01-14 13:59:04";"tcp";"172.10.1.2";38828;"172.10.1.5";8021
708;"2020-01-14 13:59:04";"tcp";"172.10.1.2";38828;"172.10.1.5";5226
709;"2020-01-14 13:59:04";"tcp";"172.10.1.2";38828;"172.10.1.5";5500
710;"2020-01-14 13:59:04";"tcp";"172.10.1.2";38828;"172.10.1.5";1093
711;"2020-01-14 13:59:04";"tcp";"172.10.1.2";38828;"172.10.1.5";987
712;"2020-01-14 13:59:04";"tcp";"172.10.1.2";38828;"172.10.1.5";800
713;"2020-01-14 13:59:04";"tcp";"172.10.1.2";38828;"172.10.1.5";5102
714;"2020-01-14 13:59:04";"tcp";"172.10.1.2";38828;"172.10.1.5";52822
715;"2020-01-14 13:59:04";"tcp";"172.10.1.2";38828;"172.10.1.5";49167
716;"2020-01-14 13:59:04";"tcp";"172.10.1.2";38828;"172.10.1.5";444
717;"2020-01-14 13:59:04";"tcp";"172.10.1.2";38828;"172.10.1.5";9929
718;"2020-01-14 13:59:04";"tcp";"172.10.1.2";38828;"172.10.1.5";1002
719;"2020-01-14 13:59:04";"tcp";"172.10.1.2";38828;"172.10.1.5";2008
720;"2020-01-14 13:59:04";"tcp";"172.10.1.2";38828;"172.10.1.5";666
721;"2020-01-14 13:59:04";"tcp";"172.10.1.2";38828;"172.10.1.5";27356
722;"2020-01-14 13:59:04";"tcp";"172.10.1.2";38828;"172.10.1.5";1137
723;"2020-01-14 13:59:04";"tcp";"172.10.1.2";38828;"172.10.1.5";1187
724;"2020-01-14 13:59:04";"tcp";"172.10.1.2";38828;"172.10.1.5";1084
725;"2020-01-14 13:59:04";"tcp";"172.10.1.2";38829;"172.10.1.5";2323
726;"2020-01-14 13:59:04";"tcp";"172.10.1.2";38828;"172.10.1.5";19
727;"2020-01-14 13:59:04";"tcp";"172.10.1.2";38828;"172.10.1.5";3737
728;"2020-01-14 13:59:04";"tcp";"172.10.1.2";38828;"172.10.1.5";6101
729;"2020-01-14 13:59:04";"tcp";"172.10.1.2";38828;"172.10.1.5";2121
730;"2020-01-14 13:59:04";"tcp";"172.10.1.2";38828;"172.10.1.5";5550
731;"2020-01-14 13:59:04";"tcp";"172.10.1.2";38828;"172.10.1.5";15660
732;"2020-01-14 13:59:04";"tcp";"172.10.1.2";38828;"172.10.1.5";1046
733;"2020-01-14 13:59:04";"tcp";"172.10.1.2";38828;"172.10.1.5";631
734;"2020-01-14 13:59:04";"tcp";"172.10.1.2";38828;"172.10.1.5";1009
735;"2020-01-14 13:59:04";"tcp";"172.10.1.2";38828;"172.10.1.5";1117
736;"2020-01-14 13:59:04";"tcp";"172.10.1.2";38828;"172.10.1.5";4443
737;"2020-01-14 13:59:04";"tcp";"172.10.1.2";38828;"172.10.1.5";2909
738;"2020-01-14 13:59:04";"tcp";"172.10.1.2";38828;"172.10.1.5";9999
739;"2020-01-14 13:59:04";"tcp";"172.10.1.2";38828;"172.10.1.5";8333
740;"2020-01-14 13:59:04";"tcp";"172.10.1.2";38828;"172.10.1.5";7001
741;"2020-01-14 13:59:04";"tcp";"172.10.1.2";38828;"172.10.1.5";1309
742;"2020-01-14 13:59:04";"tcp";"172.10.1.2";38828;"172.10.1.5";2105
743;"2020-01-14 13:59:04";"tcp";"172.10.1.2";38828;"172.10.1.5";1049
744;"2020-01-14 13:59:04";"tcp";"172.10.1.2";38828;"172.10.1.5";1045
745;"2020-01-14 13:59:04";"tcp";"172.10.1.2";38828;"172.10.1.5";16001
746;"2020-01-14 13:59:04";"tcp";"172.10.1.2";38828;"172.10.1.5";5510
747;"2020-01-14 13:59:04";"tcp";"172.10.1.2";38828;"172.10.1.5";99
748;"2020-01-14 13:59:04";"tcp";"172.10.1.2";38828;"172.10.1.5";50800
749;"2020-01-14 13:59:04";"tcp";"172.10.1.2";38828;"172.10.1.5";1124
750;"2020-01-14 13:59:04";"tcp";"172.10.1.2";38828;"172.10.1.5";722
751;"2020-01-14 13:59:04";"tcp";"172.10.1.2";38828;"172.10.1.5";5405
752;"2020-01-14 13:59:04";"tcp";"172.10.1.2";38829;"172.10.1.5";5902
753;"2020-01-14 13:59:04";"tcp";"172.10.1.2";38828;"172.10.1.5";52673
754;"2020-01-14 13:59:04";"tcp";"172.10.1.2";38828;"172.10.1.5";3869
755;"2020-01-14 13:59:04";"tcp";"172.10.1.2";38828;"172.10.1.5";2604
756;"2020-01-14 13:59:04";"tcp";"172.10.1.2";38828;"172.10.1.5";1352
757;"2020-01-14 13:59:04";"tcp";"172.10.1.2";38828;"172.10.1.5";8087
758;"2020-01-14 13:59:04";"tcp";"172.10.1.2";38828;"172.10.1.5";1801
759;"2020-01-14 13:59:04";"tcp";"172.10.1.2";38828;"172.10.1.5";2382
760;"2020-01-14 13:59:04";"tcp";"172.10.1.2";38828;"172.10.1.5";2381
761;"2020-01-14 13:59:04";"tcp";"172.10.1.2";38828;"172.10.1.5";254
762;"2020-01-14 13:59:04";"tcp";"172.10.1.2";38828;"172.10.1.5";3689
763;"2020-01-14 13:59:04";"tcp";"172.10.1.2";38828;"172.10.1.5";1050
764;"2020-01-14 13:59:04";"tcp";"172.10.1.2";38828;"172.10.1.5";13722
765;"2020-01-14 13:59:04";"tcp";"172.10.1.2";38828;"172.10.1.5";3011
766;"2020-01-14 13:59:04";"tcp";"172.10.1.2";38828;"172.10.1.5";15000
767;"2020-01-14 13:59:04";"tcp";"172.10.1.2";38828;"172.10.1.5";1999
768;"2020-01-14 13:59:04";"tcp";"172.10.1.2";38828;"172.10.1.5";49153
769;"2020-01-14 13:59:04";"tcp";"172.10.1.2";38828;"172.10.1.5";1085
770;"2020-01-14 13:59:04";"tcp";"172.10.1.2";38828;"172.10.1.5";10621
771;"2020-01-14 13:59:04";"tcp";"172.10.1.2";38828;"172.10.1.5";2718
772;"2020-01-14 13:59:04";"tcp";"172.10.1.2";38828;"172.10.1.5";125
773;"2020-01-14 13:59:04";"tcp";"172.10.1.2";38828;"172.10.1.5";1068
774;"2020-01-14 13:59:04";"tcp";"172.10.1.2";38828;"172.10.1.5";212
775;"2020-01-14 13:59:04";"tcp";"172.10.1.2";38828;"172.10.1.5";5961
776;"2020-01-14 13:59:04";"tcp";"172.10.1.2";38828;"172.10.1.5";1022
777;"2020-01-14 13:59:04";"tcp";"172.10.1.2";38829;"172.10.1.5";13
778;"2020-01-14 13:59:04";"tcp";"172.10.1.2";38828;"172.10.1.5";2007
779;"2020-01-14 13:59:04";"tcp";"172.10.1.2";38828;"172.10.1.5";1119
780;"2020-01-14 13:59:04";"tcp";"172.10.1.2";38828;"172.10.1.5";541
781;"2020-01-14 13:59:04";"tcp";"172.10.1.2";38828;"172.10.1.5";5811
782;"2020-01-14 13:59:04";"tcp";"172.10.1.2";38828;"172.10.1.5";2383
783;"2020-01-14 13:59:04";"tcp";"172.10.1.2";38828;"172.10.1.5";5200
784;"2020-01-14 13:59:04";"tcp";"172.10.1.2";38828;"172.10.1.5";1296
785;"2020-01-14 13:59:04";"tcp";"172.10.1.2";38828;"172.10.1.5";6510
786;"2020-01-14 13:59:04";"tcp";"172.10.1.2";38829;"172.10.1.5";8400
787;"2020-01-14 13:59:04";"tcp";"172.10.1.2";38828;"172.10.1.5";8800
788;"2020-01-14 13:59:04";"tcp";"172.10.1.2";38828;"172.10.1.5";543
789;"2020-01-14 13:59:04";"tcp";"172.10.1.2";38828;"172.10.1.5";37
790;"2020-01-14 13:59:04";"tcp";"172.10.1.2";38828;"172.10.1.5";6001
791;"2020-01-14 13:59:04";"tcp";"172.10.1.2";38828;"172.10.1.5";7004
792;"2020-01-14 13:59:04";"tcp";"172.10.1.2";38828;"172.10.1.5";10024
793;"2020-01-14 13:59:04";"tcp";"172.10.1.2";38828;"172.10.1.5";7402
794;"2020-01-14 13:59:04";"tcp";"172.10.1.2";38828;"172.10.1.5";2033
795;"2020-01-14 13:59:04";"tcp";"172.10.1.2";38828;"172.10.1.5";6901
796;"2020-01-14 13:59:04";"tcp";"172.10.1.2";38828;"172.10.1.5";1007
797;"2020-01-14 13:59:04";"tcp";"172.10.1.2";38828;"172.10.1.5";4446
798;"2020-01-14 13:59:04";"tcp";"172.10.1.2";38828;"172.10.1.5";8600
799;"2020-01-14 13:59:04";"tcp";"172.10.1.2";38828;"172.10.1.5";8192
800;"2020-01-14 13:59:04";"tcp";"172.10.1.2";38828;"172.10.1.5";5214
801;"2020-01-14 13:59:04";"tcp";"172.10.1.2";38828;"172.10.1.5";5906
802;"2020-01-14 13:59:04";"tcp";"172.10.1.2";38828;"172.10.1.5";8402
803;"2020-01-14 13:59:04";"tcp";"172.10.1.2";38828;"172.10.1.5";8654
804;"2020-01-14 13:59:04";"tcp";"172.10.1.2";38828;"172.10.1.5";1011
805;"2020-01-14 13:59:04";"tcp";"172.10.1.2";38828;"172.10.1.5";1102
806;"2020-01-14 13:59:04";"tcp";"172.10.1.2";38828;"172.10.1.5";8180
807;"2020-01-14 13:59:04";"tcp";"172.10.1.2";38828;"172.10.1.5";2045
808;"2020-01-14 13:59:04";"tcp";"172.10.1.2";38828;"172.10.1.5";6112
809;"2020-01-14 13:59:04";"tcp";"172.10.1.2";38828;"172.10.1.5";3367
810;"2020-01-14 13:59:04";"tcp";"172.10.1.2";38828;"172.10.1.5";3031
811;"2020-01-14 13:59:04";"tcp";"172.10.1.2";38828;"172.10.1.5";2126
812;"2020-01-14 13:59:04";"tcp";"172.10.1.2";38828;"172.10.1.5";54045
813;"2020-01-14 13:59:04";"tcp";"172.10.1.2";38828;"172.10.1.5";30718
814;"2020-01-14 13:59:04";"tcp";"172.10.1.2";38828;"172.10.1.5";6580
815;"2020-01-14 13:59:04";"tcp";"172.10.1.2";38828;"172.10.1.5";777
816;"2020-01-14 13:59:04";"tcp";"172.10.1.2";38828;"172.10.1.5";1097
817;"2020-01-14 13:59:04";"tcp";"172.10.1.2";38828;"172.10.1.5";1053
818;"2020-01-14 13:59:04";"tcp";"172.10.1.2";38828;"172.10.1.5";7800
819;"2020-01-14 13:59:04";"tcp";"172.10.1.2";38828;"172.10.1.5";16113
820;"2020-01-14 13:59:04";"tcp";"172.10.1.2";38828;"172.10.1.5";19842
821;"2020-01-14 13:59:04";"tcp";"172.10.1.2";38828;"172.10.1.5";49157
822;"2020-01-14 13:59:04";"tcp";"172.10.1.2";38828;"172.10.1.5";8082
823;"2020-01-14 13:59:04";"tcp";"172.10.1.2";38828;"172.10.1.5";1198
824;"2020-01-14 13:59:04";"tcp";"172.10.1.2";38828;"172.10.1.5";20005
825;"2020-01-14 13:59:04";"tcp";"172.10.1.2";38828;"172.10.1.5";64623
826;"2020-01-14 13:59:04";"tcp";"172.10.1.2";38828;"172.10.1.5";1141
827;"2020-01-14 13:59:04";"tcp";"172.10.1.2";38828;"172.10.1.5";12000
828;"2020-01-14 13:59:04";"tcp";"172.10.1.2";38828;"172.10.1.5";4899
829;"2020-01-14 13:59:04";"tcp";"172.10.1.2";38828;"172.10.1.5";8222
830;"2020-01-14 13:59:04";"tcp";"172.10.1.2";38828;"172.10.1.5";64680
831;"2020-01-14 13:59:04";"tcp";"172.10.1.2";38828;"172.10.1.5";1073
832;"2020-01-14 13:59:04";"tcp";"172.10.1.2";38828;"172.10.1.5";8084
833;"2020-01-14 13:59:04";"tcp";"172.10.1.2";38828;"172.10.1.5";1131
834;"2020-01-14 13:59:04";"tcp";"172.10.1.2";38828;"172.10.1.5";4129
835;"2020-01-14 13:59:04";"tcp";"172.10.1.2";38828;"172.10.1.5";10616
836;"2020-01-14 13:59:04";"tcp";"172.10.1.2";38828;"172.10.1.5";1147
837;"2020-01-14 13:59:04";"tcp";"172.10.1.2";38828;"172.10.1.5";9111
838;"2020-01-14 13:59:04";"tcp";"172.10.1.2";38828;"172.10.1.5";3371
839;"2020-01-14 13:59:04";"tcp";"172.10.1.2";38828;"172.10.1.5";9876
840;"2020-01-14 13:59:04";"tcp";"172.10.1.2";38828;"172.10.1.5";6156
841;"2020-01-14 13:59:04";"tcp";"172.10.1.2";38828;"172.10.1.5";44176
842;"2020-01-14 13:59:04";"tcp";"172.10.1.2";38828;"172.10.1.5";10628
843;"2020-01-14 13:59:04";"tcp";"172.10.1.2";38828;"172.10.1.5";83
844;"2020-01-14 13:59:04";"tcp";"172.10.1.2";38828;"172.10.1.5";3369
845;"2020-01-14 13:59:04";"tcp";"172.10.1.2";38828;"172.10.1.5";6003
846;"2020-01-14 13:59:04";"tcp";"172.10.1.2";38828;"172.10.1.5";49999
847;"2020-01-14 13:59:04";"tcp";"172.10.1.2";38828;"172.10.1.5";1524
848;"2020-01-14 13:59:04";"tcp";"172.10.1.2";38828;"172.10.1.5";6000
849;"2020-01-14 13:59:04";"tcp";"172.10.1.2";38828;"172.10.1.5";9001
850;"2020-01-14 13:59:04";"tcp";"172.10.1.2";38828;"172.10.1.5";20828
851;"2020-01-14 13:59:04";"tcp";"172.10.1.2";38828;"172.10.1.5";1840
852;"2020-01-14 13:59:04";"tcp";"172.10.1.2";38828;"172.10.1.5";1271
853;"2020-01-14 13:59:04";"tcp";"172.10.1.2";38828;"172.10.1.5";2638
854;"2020-01-14 13:59:04";"tcp";"172.10.1.2";38828;"172.10.1.5";2006
855;"2020-01-14 13:59:04";"tcp";"172.10.1.2";38828;"172.10.1.5";259
856;"2020-01-14 13:59:04";"tcp";"172.10.1.2";38828;"172.10.1.5";7435
857;"2020-01-14 13:59:04";"tcp";"172.10.1.2";38828;"172.10.1.5";32776
858;"2020-01-14 13:59:04";"tcp";"172.10.1.2";38828;"172.10.1.5";1721
859;"2020-01-14 13:59:04";"tcp";"172.10.1.2";38828;"172.10.1.5";407
860;"2020-01-14 13:59:04";"tcp";"172.10.1.2";38828;"172.10.1.5";714
861;"2020-01-14 13:59:04";"tcp";"172.10.1.2";38828;"172.10.1.5";6129
862;"2020-01-14 13:59:04";"tcp";"172.10.1.2";38828;"172.10.1.5";2710
863;"2020-01-14 13:59:04";"tcp";"172.10.1.2";38828;"172.10.1.5";1023
864;"2020-01-14 13:59:04";"tcp";"172.10.1.2";38828;"172.10.1.5";1277
865;"2020-01-14 13:59:04";"tcp";"172.10.1.2";38828;"172.10.1.5";1192
866;"2020-01-14 13:59:04";"tcp";"172.10.1.2";38828;"172.10.1.5";1600
867;"2020-01-14 13:59:04";"tcp";"172.10.1.2";38828;"172.10.1.5";898
868;"2020-01-14 13:59:04";"tcp";"172.10.1.2";38828;"172.10.1.5";16018
869;"2020-01-14 13:59:04";"tcp";"172.10.1.2";38828;"172.10.1.5";32785
870;"2020-01-14 13:59:04";"tcp";"172.10.1.2";38828;"172.10.1.5";1501
871;"2020-01-14 13:59:04";"tcp";"172.10.1.2";38828;"172.10.1.5";481
872;"2020-01-14 13:59:04";"tcp";"172.10.1.2";38828;"172.10.1.5";18040
873;"2020-01-14 13:59:04";"tcp";"172.10.1.2";38828;"172.10.1.5";3809
874;"2020-01-14 13:59:04";"tcp";"172.10.1.2";38828;"172.10.1.5";912
875;"2020-01-14 13:59:04";"tcp";"172.10.1.2";38828;"172.10.1.5";5960
876;"2020-01-14 13:59:04";"tcp";"172.10.1.2";38828;"172.10.1.5";765
877;"2020-01-14 13:59:04";"tcp";"172.10.1.2";38828;"172.10.1.5";3878
878;"2020-01-14 13:59:04";"tcp";"172.10.1.2";38828;"172.10.1.5";6
879;"2020-01-14 13:59:04";"tcp";"172.10.1.2";38828;"172.10.1.5";2041
880;"2020-01-14 13:59:04";"tcp";"172.10.1.2";38828;"172.10.1.5";3077
881;"2020-01-14 13:59:04";"tcp";"172.10.1.2";38828;"172.10.1.5";6692
882;"2020-01-14 13:59:04";"tcp";"172.10.1.2";38829;"172.10.1.5";1556
883;"2020-01-14 13:59:04";"tcp";"172.10.1.2";38828;"172.10.1.5";1110
884;"2020-01-14 13:59:04";"tcp";"172.10.1.2";38828;"172.10.1.5";32782
885;"2020-01-14 13:59:04";"tcp";"172.10.1.2";38828;"172.10.1.5";1041
886;"2020-01-14 13:59:04";"tcp";"172.10.1.2";38828;"172.10.1.5";7938
887;"2020-01-14 13:59:04";"tcp";"172.10.1.2";38828;"172.10.1.5";5877
888;"2020-01-14 13:59:04";"tcp";"172.10.1.2";38828;"172.10.1.5";667
889;"2020-01-14 13:59:04";"tcp";"172.10.1.2";38828;"172.10.1.5";2003
890;"2020-01-14 13:59:04";"tcp";"172.10.1.2";38828;"172.10.1.5";1051
891;"2020-01-14 13:59:04";"tcp";"172.10.1.2";38828;"172.10.1.5";3370
892;"2020-01-14 13:59:04";"tcp";"172.10.1.2";38828;"172.10.1.5";593
893;"2020-01-14 13:59:04";"tcp";"172.10.1.2";38828;"172.10.1.5";34573
894;"2020-01-14 13:59:04";"tcp";"172.10.1.2";38828;"172.10.1.5";65000
895;"2020-01-14 13:59:04";"tcp";"172.10.1.2";38828;"172.10.1.5";9010
896;"2020-01-14 13:59:04";"tcp";"172.10.1.2";38828;"172.10.1.5";3918
897;"2020-01-14 13:59:04";"tcp";"172.10.1.2";38828;"172.10.1.5";1038
898;"2020-01-14 13:59:04";"tcp";"172.10.1.2";38828;"172.10.1.5";8022
899;"2020-01-14 13:59:04";"tcp";"172.10.1.2";38828;"172.10.1.5";32769
900;"2020-01-14 13:59:04";"tcp";"172.10.1.2";38828;"172.10.1.5";9011
901;"2020-01-14 13:59:04";"tcp";"172.10.1.2";38828;"172.10.1.5";7000
902;"2020-01-14 13:59:04";"tcp";"172.10.1.2";38828;"172.10.1.5";3017
903;"2020-01-14 13:59:04";"tcp";"172.10.1.2";38828;"172.10.1.5";3007
904;"2020-01-14 13:59:04";"tcp";"172.10.1.2";38828;"172.10.1.5";1900
905;"2020-01-14 13:59:04";"tcp";"172.10.1.2";38828;"172.10.1.5";2717
906;"2020-01-14 13:59:04";"tcp";"172.10.1.2";38828;"172.10.1.5";5904
907;"2020-01-14 13:59:04";"tcp";"172.10.1.2";38828;"172.10.1.5";2967
908;"2020-01-14 13:59:04";"tcp";"172.10.1.2";38828;"172.10.1.5";1185
909;"2020-01-14 13:59:04";"tcp";"172.10.1.2";38828;"172.10.1.5";61532
910;"2020-01-14 13:59:04";"tcp";"172.10.1.2";38828;"172.10.1.5";5666
911;"2020-01-14 13:59:04";"tcp";"172.10.1.2";38828;"172.10.1.5";1311
912;"2020-01-14 13:59:04";"tcp";"172.10.1.2";38828;"172.10.1.5";1063
913;"2020-01-14 13:59:04";"tcp";"172.10.1.2";38828;"172.10.1.5";5004
914;"2020-01-14 13:59:04";"tcp";"172.10.1.2";38828;"172.10.1.5";1114
915;"2020-01-14 13:59:04";"tcp";"172.10.1.2";38828;"172.10.1.5";2038
916;"2020-01-14 13:59:04";"tcp";"172.10.1.2";38828;"172.10.1.5";1040
917;"2020-01-14 13:59:04";"tcp";"172.10.1.2";38828;"172.10.1.5";3801
918;"2020-01-14 13:59:04";"tcp";"172.10.1.2";38828;"172.10.1.5";49158
919;"2020-01-14 13:59:04";"tcp";"172.10.1.2";38828;"172.10.1.5";25734
920;"2020-01-14 13:59:04";"tcp";"172.10.1.2";38828;"172.10.1.5";544
921;"2020-01-14 13:59:04";"tcp";"172.10.1.2";38828;"172.10.1.5";7741
922;"2020-01-14 13:59:04";"tcp";"172.10.1.2";38828;"172.10.1.5";1091
923;"2020-01-14 13:59:04";"tcp";"172.10.1.2";38828;"172.10.1.5";7999
924;"2020-01-14 13:59:04";"tcp";"172.10.1.2";38828;"172.10.1.5";63331
925;"2020-01-14 13:59:04";"tcp";"172.10.1.2";38828;"172.10.1.5";1719
926;"2020-01-14 13:59:04";"tcp";"172.10.1.2";38828;"172.10.1.5";1998
927;"2020-01-14 13:59:04";"tcp";"172.10.1.2";38828;"172.10.1.5";6667
928;"2020-01-14 13:59:04";"tcp";"172.10.1.2";38829;"172.10.1.5";4001
929;"2020-01-14 13:59:04";"tcp";"172.10.1.2";38828;"172.10.1.5";7496
930;"2020-01-14 13:59:04";"tcp";"172.10.1.2";38828;"172.10.1.5";3404
931;"2020-01-14 13:59:04";"tcp";"172.10.1.2";38828;"172.10.1.5";8383
932;"2020-01-14 13:59:04";"tcp";"172.10.1.2";38828;"172.10.1.5";5087
933;"2020-01-14 13:59:04";"tcp";"172.10.1.2";38828;"172.10.1.5";55555
934;"2020-01-14 13:59:04";"tcp";"172.10.1.2";38828;"172.10.1.5";843
935;"2020-01-14 13:59:04";"tcp";"172.10.1.2";38828;"172.10.1.5";7100
936;"2020-01-14 13:59:04";"tcp";"172.10.1.2";38828;"172.10.1.5";2869
937;"2020-01-14 13:59:04";"tcp";"172.10.1.2";38828;"172.10.1.5";900
938;"2020-01-14 13:59:04";"tcp";"172.10.1.2";38828;"172.10.1.5";88
939;"2020-01-14 13:59:04";"tcp";"172.10.1.2";38829;"172.10.1.5";11967
940;"2020-01-14 13:59:05";"tcp";"172.10.1.2";38828;"172.10.1.5";1434
941;"2020-01-14 13:59:05";"tcp";"172.10.1.2";38828;"172.10.1.5";5050
942;"2020-01-14 13:59:05";"tcp";"172.10.1.2";38828;"172.10.1.5";2811
943;"2020-01-14 13:59:05";"tcp";"172.10.1.2";38828;"172.10.1.5";50006
944;"2020-01-14 13:59:05";"tcp";"172.10.1.2";38828;"172.10.1.5";3
945;"2020-01-14 13:59:05";"tcp";"172.10.1.2";38828;"172.10.1.5";2047
946;"2020-01-14 13:59:05";"tcp";"172.10.1.2";38828;"172.10.1.5";6106
947;"2020-01-14 13:59:05";"tcp";"172.10.1.2";38828;"172.10.1.5";62078
948;"2020-01-14 13:59:05";"tcp";"172.10.1.2";38828;"172.10.1.5";7103
949;"2020-01-14 13:59:05";"tcp";"172.10.1.2";38828;"172.10.1.5";6502
950;"2020-01-14 13:59:05";"tcp";"172.10.1.2";38828;"172.10.1.5";8093
951;"2020-01-14 13:59:05";"tcp";"172.10.1.2";38828;"172.10.1.5";2725
952;"2020-01-14 13:59:05";"tcp";"172.10.1.2";38828;"172.10.1.5";2160
953;"2020-01-14 13:59:05";"tcp";"172.10.1.2";38828;"172.10.1.5";10000
954;"2020-01-14 13:59:05";"tcp";"172.10.1.2";38828;"172.10.1.5";9110
955;"2020-01-14 13:59:05";"tcp";"172.10.1.2";38828;"172.10.1.5";2035
956;"2020-01-14 13:59:05";"tcp";"172.10.1.2";38828;"172.10.1.5";1123
957;"2020-01-14 13:59:05";"tcp";"172.10.1.2";38829;"172.10.1.5";33354
958;"2020-01-14 13:59:05";"tcp";"172.10.1.2";38828;"172.10.1.5";801
959;"2020-01-14 13:59:05";"tcp";"172.10.1.2";38829;"172.10.1.5";5280
960;"2020-01-14 13:59:05";"tcp";"172.10.1.2";38828;"172.10.1.5";9090
961;"2020-01-14 13:59:05";"tcp";"172.10.1.2";38828;"172.10.1.5";1641
962;"2020-01-14 13:59:05";"tcp";"172.10.1.2";38828;"172.10.1.5";9968
963;"2020-01-14 13:59:05";"tcp";"172.10.1.2";38828;"172.10.1.5";5009
964;"2020-01-14 13:59:05";"tcp";"172.10.1.2";38828;"172.10.1.5";2170
965;"2020-01-14 13:59:05";"tcp";"172.10.1.2";38828;"172.10.1.5";8649
966;"2020-01-14 13:59:05";"tcp";"172.10.1.2";38828;"172.10.1.5";19283
967;"2020-01-14 13:59:05";"tcp";"172.10.1.2";38828;"172.10.1.5";1021
968;"2020-01-14 13:59:05";"tcp";"172.10.1.2";38828;"172.10.1.5";5730
969;"2020-01-14 13:59:05";"tcp";"172.10.1.2";38828;"172.10.1.5";44501
970;"2020-01-14 13:59:05";"tcp";"172.10.1.2";38828;"172.10.1.5";555
971;"2020-01-14 13:59:05";"tcp";"172.10.1.2";38828;"172.10.1.5";33
972;"2020-01-14 13:59:05";"tcp";"172.10.1.2";38828;"172.10.1.5";6389
973;"2020-01-14 13:59:05";"tcp";"172.10.1.2";38828;"172.10.1.5";22939
974;"2020-01-14 13:59:05";"tcp";"172.10.1.2";38828;"172.10.1.5";1461
975;"2020-01-14 13:59:05";"tcp";"172.10.1.2";38828;"172.10.1.5";1048
976;"2020-01-14 13:59:05";"tcp";"172.10.1.2";38828;"172.10.1.5";2111
977;"2020-01-14 13:59:05";"tcp";"172.10.1.2";38828;"172.10.1.5";61900
978;"2020-01-14 13:59:05";"tcp";"172.10.1.2";38828;"172.10.1.5";5631
979;"2020-01-14 13:59:05";"tcp";"172.10.1.2";38828;"172.10.1.5";9595
980;"2020-01-14 13:59:05";"tcp";"172.10.1.2";38828;"172.10.1.5";3800
981;"2020-01-14 13:59:05";"tcp";"172.10.1.2";38828;"172.10.1.5";1056
982;"2020-01-14 13:59:05";"tcp";"172.10.1.2";38828;"172.10.1.5";903
983;"2020-01-14 13:59:05";"tcp";"172.10.1.2";38828;"172.10.1.5";2009
984;"2020-01-14 13:59:05";"tcp";"172.10.1.2";38829;"172.10.1.5";2103
985;"2020-01-14 13:59:05";"tcp";"172.10.1.2";38828;"172.10.1.5";2500
986;"2020-01-14 13:59:05";"tcp";"172.10.1.2";38828;"172.10.1.5";5915
987;"2020-01-14 13:59:05";"tcp";"172.10.1.2";38828;"172.10.1.5";8652
988;"2020-01-14 13:59:05";"tcp";"172.10.1.2";38828;"172.10.1.5";43
989;"2020-01-14 13:59:05";"tcp";"172.10.1.2";38828;"172.10.1.5";2049
990;"2020-01-14 13:59:05";"tcp";"172.10.1.2";38828;"172.10.1.5";1974
991;"2020-01-14 13:59:05";"tcp";"172.10.1.2";38828;"172.10.1.5";1301
992;"2020-01-14 13:59:05";"tcp";"172.10.1.2";38828;"172.10.1.5";34571
993;"2020-01-14 13:59:05";"tcp";"172.10.1.2";38828;"172.10.1.5";6789
994;"2020-01-14 13:59:05";"tcp";"172.10.1.2";38828;"172.10.1.5";1043
995;"2020-01-14 13:59:05";"tcp";"172.10.1.2";38828;"172.10.1.5";49163
996;"2020-01-14 13:59:05";"tcp";"172.10.1.2";38828;"172.10.1.5";7937
997;"2020-01-14 13:59:05";"tcp";"172.10.1.2";38828;"172.10.1.5";4444
998;"2020-01-14 13:59:05";"tcp";"172.10.1.2";38828;"172.10.1.5";32
999;"2020-01-14 13:59:05";"tcp";"172.10.1.2";38828;"172.10.1.5";6668
1000;"2020-01-14 13:59:05";"tcp";"172.10.1.2";38828;"172.10.1.5";2608
1001;"2020-01-14 13:59:05";"tcp";"172.10.1.2";38828;"172.10.1.5";3546
1002;"2020-01-14 13:59:05";"tcp";"172.10.1.2";38828;"172.10.1.5";5952
1003;"2020-01-14 13:59:05";"tcp";"172.10.1.2";38828;"172.10.1.5";366
1004;"2020-01-14 13:59:05";"tcp";"172.10.1.2";38828;"172.10.1.5";5850
1005;"2020-01-14 13:59:05";"tcp";"172.10.1.2";38828;"172.10.1.5";1183
1006;"2020-01-14 13:59:05";"tcp";"172.10.1.2";38828;"172.10.1.5";3351
1007;"2020-01-14 13:59:05";"tcp";"172.10.1.2";38828;"172.10.1.5";3920
1008;"2020-01-14 13:59:05";"tcp";"172.10.1.2";38828;"172.10.1.5";1594
1009;"2020-01-14 13:59:05";"tcp";"172.10.1.2";38828;"172.10.1.5";8045
1010;"2020-01-14 13:59:05";"tcp";"172.10.1.2";38828;"172.10.1.5";31038
1011;"2020-01-14 13:59:05";"tcp";"172.10.1.2";38828;"172.10.1.5";2144
1012;"2020-01-14 13:59:05";"tcp";"172.10.1.2";38828;"172.10.1.5";15003
1013;"2020-01-14 13:59:05";"tcp";"172.10.1.2";38828;"172.10.1.5";20
1014;"2020-01-14 13:59:05";"tcp";"172.10.1.2";38828;"172.10.1.5";12345
1015;"2020-01-14 13:59:05";"tcp";"172.10.1.2";38828;"172.10.1.5";14442
1016;"2020-01-14 13:59:05";"tcp";"172.10.1.2";38828;"172.10.1.5";8099
1017;"2020-01-14 13:59:05";"tcp";"172.10.1.2";38828;"172.10.1.5";57294
1018;"2020-01-14 13:59:05";"tcp";"172.10.1.2";38828;"172.10.1.5";9220
1019;"2020-01-14 13:59:05";"tcp";"172.10.1.2";38828;"172.10.1.5";5962
1020;"2020-01-14 13:59:05";"tcp";"172.10.1.2";38828;"172.10.1.5";1034
1021;"2020-01-14 13:59:05";"tcp";"172.10.1.2";38828;"172.10.1.5";24444
1022;"2020-01-14 13:59:05";"tcp";"172.10.1.2";38828;"172.10.1.5";1138
1023;"2020-01-14 13:59:05";"tcp";"172.10.1.2";38828;"172.10.1.5";2366
1024;"2020-01-14 13:59:05";"tcp";"172.10.1.2";38828;"172.10.1.5";7443
1025;"2020-01-14 13:59:05";"tcp";"172.10.1.2";38828;"172.10.1.5";515
1026;"2020-01-14 13:59:05";"tcp";"172.10.1.2";38828;"172.10.1.5";9418
1027;"2020-01-14 13:59:05";"tcp";"172.10.1.2";38828;"172.10.1.5";1100
1028;"2020-01-14 13:59:05";"tcp";"172.10.1.2";38828;"172.10.1.5";19101
1029;"2020-01-14 13:59:05";"tcp";"172.10.1.2";38828;"172.10.1.5";1687
1030;"2020-01-14 13:59:05";"tcp";"172.10.1.2";38828;"172.10.1.5";636
1031;"2020-01-14 13:59:05";"tcp";"172.10.1.2";38828;"172.10.1.5";6025
1032;"2020-01-14 13:59:05";"tcp";"172.10.1.2";38828;"172.10.1.5";5678
1033;"2020-01-14 13:59:05";"tcp";"172.10.1.2";38828;"172.10.1.5";30000
1034;"2020-01-14 13:59:05";"tcp";"172.10.1.2";38828;"172.10.1.5";13783
1035;"2020-01-14 13:59:05";"tcp";"172.10.1.2";38828;"172.10.1.5";749
1036;"2020-01-14 13:59:05";"tcp";"172.10.1.2";38828;"172.10.1.5";8899
1037;"2020-01-14 13:59:05";"tcp";"172.10.1.2";38828;"172.10.1.5";3827
1038;"2020-01-14 13:59:05";"tcp";"172.10.1.2";38828;"172.10.1.5";888
1039;"2020-01-14 13:59:05";"tcp";"172.10.1.2";38828;"172.10.1.5";3889
1040;"2020-01-14 13:59:05";"tcp";"172.10.1.2";38828;"172.10.1.5";32770
1041;"2020-01-14 13:59:05";"tcp";"172.10.1.2";38828;"172.10.1.5";3814
1042;"2020-01-14 13:59:05";"tcp";"172.10.1.2";38828;"172.10.1.5";51103
1043;"2020-01-14 13:59:05";"tcp";"172.10.1.2";38828;"172.10.1.5";5000
1044;"2020-01-14 13:59:05";"tcp";"172.10.1.2";38828;"172.10.1.5";8002
1045;"2020-01-14 13:59:05";"tcp";"172.10.1.2";38828;"172.10.1.5";7106
1046;"2020-01-14 13:59:05";"tcp";"172.10.1.2";38828;"172.10.1.5";4003
1047;"2020-01-14 13:59:05";"tcp";"172.10.1.2";38828;"172.10.1.5";1233
1048;"2020-01-14 13:59:05";"tcp";"172.10.1.2";38828;"172.10.1.5";1060
1049;"2020-01-14 13:59:05";"tcp";"172.10.1.2";38828;"172.10.1.5";1334
1050;"2020-01-14 13:59:05";"tcp";"172.10.1.2";38828;"172.10.1.5";512
1051;"2020-01-14 13:59:05";"tcp";"172.10.1.2";38828;"172.10.1.5";5925
1052;"2020-01-14 13:59:05";"tcp";"172.10.1.2";38828;"172.10.1.5";49160
1053;"2020-01-14 13:59:05";"tcp";"172.10.1.2";38828;"172.10.1.5";1863
1054;"2020-01-14 13:59:05";"tcp";"172.10.1.2";38828;"172.10.1.5";787
1055;"2020-01-14 13:59:05";"tcp";"172.10.1.2";38828;"172.10.1.5";3211
1056;"2020-01-14 13:59:05";"tcp";"172.10.1.2";38828;"172.10.1.5";901
1057;"2020-01-14 13:59:05";"tcp";"172.10.1.2";38828;"172.10.1.5";8001
1058;"2020-01-14 13:59:05";"tcp";"172.10.1.2";38828;"172.10.1.5";8010
1059;"2020-01-14 13:59:05";"tcp";"172.10.1.2";38828;"172.10.1.5";85
1060;"2020-01-14 13:59:05";"tcp";"172.10.1.2";38828;"172.10.1.5";5963
1061;"2020-01-14 13:59:05";"tcp";"172.10.1.2";38828;"172.10.1.5";1213
1062;"2020-01-14 13:59:05";"tcp";"172.10.1.2";38828;"172.10.1.5";4000
1063;"2020-01-14 13:59:05";"tcp";"172.10.1.2";38828;"172.10.1.5";8193
1064;"2020-01-14 13:59:05";"tcp";"172.10.1.2";38828;"172.10.1.5";306
1065;"2020-01-14 13:59:05";"tcp";"172.10.1.2";38828;"172.10.1.5";10012
1066;"2020-01-14 13:59:05";"tcp";"172.10.1.2";38828;"172.10.1.5";15002
1067;"2020-01-14 13:59:05";"tcp";"172.10.1.2";38828;"172.10.1.5";1057
1068;"2020-01-14 13:59:05";"tcp";"172.10.1.2";38828;"172.10.1.5";32779
1069;"2020-01-14 13:59:05";"tcp";"172.10.1.2";38828;"172.10.1.5";1174
1070;"2020-01-14 13:59:05";"tcp";"172.10.1.2";38828;"172.10.1.5";8083
1071;"2020-01-14 13:59:05";"tcp";"172.10.1.2";38828;"172.10.1.5";2000
1072;"2020-01-14 13:59:05";"tcp";"172.10.1.2";38828;"172.10.1.5";3914
1073;"2020-01-14 13:59:05";"tcp";"172.10.1.2";38828;"172.10.1.5";3052
1074;"2020-01-14 13:59:05";"tcp";"172.10.1.2";38828;"172.10.1.5";1972
1075;"2020-01-14 13:59:05";"tcp";"172.10.1.2";38828;"172.10.1.5";2522
1076;"2020-01-14 13:59:05";"tcp";"172.10.1.2";38828;"172.10.1.5";1054
1077;"2020-01-14 13:59:05";"tcp";"172.10.1.2";38828;"172.10.1.5";3283
1078;"2020-01-14 13:59:05";"tcp";"172.10.1.2";38828;"172.10.1.5";1090
1079;"2020-01-14 13:59:05";"tcp";"172.10.1.2";38828;"172.10.1.5";27715
1080;"2020-01-14 13:59:05";"tcp";"172.10.1.2";38828;"172.10.1.5";7512
1081;"2020-01-14 13:59:05";"tcp";"172.10.1.2";38828;"172.10.1.5";1521
1082;"2020-01-14 13:59:05";"tcp";"172.10.1.2";38828;"172.10.1.5";9900
1083;"2020-01-14 13:59:05";"tcp";"172.10.1.2";38829;"172.10.1.5";1287
1084;"2020-01-14 13:59:05";"tcp";"172.10.1.2";38828;"172.10.1.5";416
1085;"2020-01-14 13:59:05";"tcp";"172.10.1.2";38828;"172.10.1.5";5544
1086;"2020-01-14 13:59:05";"tcp";"172.10.1.2";38828;"172.10.1.5";16992
1087;"2020-01-14 13:59:05";"tcp";"172.10.1.2";38828;"172.10.1.5";11111
1088;"2020-01-14 13:59:05";"tcp";"172.10.1.2";38828;"172.10.1.5";16080
1089;"2020-01-14 13:59:05";"tcp";"172.10.1.2";38828;"172.10.1.5";9050
1090;"2020-01-14 13:59:05";"tcp";"172.10.1.2";38828;"172.10.1.5";1028
1091;"2020-01-14 13:59:05";"tcp";"172.10.1.2";38828;"172.10.1.5";548
1092;"2020-01-14 13:59:05";"tcp";"172.10.1.2";38828;"172.10.1.5";50003
1093;"2020-01-14 13:59:05";"tcp";"172.10.1.2";38828;"172.10.1.5";2492
1094;"2020-01-14 13:59:05";"tcp";"172.10.1.2";38828;"172.10.1.5";1066
1095;"2020-01-14 13:59:05";"tcp";"172.10.1.2";38828;"172.10.1.5";3372
1096;"2020-01-14 13:59:05";"tcp";"172.10.1.2";38828;"172.10.1.5";3476
1097;"2020-01-14 13:59:05";"tcp";"172.10.1.2";38828;"172.10.1.5";11110
1098;"2020-01-14 13:59:05";"tcp";"172.10.1.2";38828;"172.10.1.5";1500
1099;"2020-01-14 13:59:05";"tcp";"172.10.1.2";38828;"172.10.1.5";1812
1100;"2020-01-14 13:59:05";"tcp";"172.10.1.2";38828;"172.10.1.5";20221
1101;"2020-01-14 13:59:05";"tcp";"172.10.1.2";38828;"172.10.1.5";999
1102;"2020-01-14 13:59:05";"tcp";"172.10.1.2";38828;"172.10.1.5";3851
1103;"2020-01-14 13:59:05";"tcp";"172.10.1.2";38828;"172.10.1.5";16000
1104;"2020-01-14 13:59:05";"tcp";"172.10.1.2";38828;"172.10.1.5";3995
1105;"2020-01-14 13:59:05";"tcp";"172.10.1.2";38828;"172.10.1.5";5907
1106;"2020-01-14 13:59:05";"tcp";"172.10.1.2";38828;"172.10.1.5";691
1107;"2020-01-14 13:59:05";"tcp";"172.10.1.2";38828;"172.10.1.5";3659
1108;"2020-01-14 13:59:05";"tcp";"172.10.1.2";38828;"172.10.1.5";2048
1109;"2020-01-14 13:59:05";"tcp";"172.10.1.2";38828;"172.10.1.5";119
1110;"2020-01-14 13:59:05";"tcp";"172.10.1.2";38828;"172.10.1.5";4002
1111;"2020-01-14 13:59:05";"tcp";"172.10.1.2";38828;"172.10.1.5";3493
1112;"2020-01-14 13:59:05";"tcp";"172.10.1.2";38828;"172.10.1.5";4343
1113;"2020-01-14 13:59:05";"tcp";"172.10.1.2";38828;"172.10.1.5";18988
1114;"2020-01-14 13:59:05";"tcp";"172.10.1.2";38828;"172.10.1.5";5051
1115;"2020-01-14 13:59:05";"tcp";"172.10.1.2";38828;"172.10.1.5";10001
1116;"2020-01-14 13:59:05";"tcp";"172.10.1.2";38828;"172.10.1.5";2042
1117;"2020-01-14 13:59:05";"tcp";"172.10.1.2";38828;"172.10.1.5";7007
1118;"2020-01-14 13:59:05";"tcp";"172.10.1.2";38828;"172.10.1.5";1217
1119;"2020-01-14 13:59:05";"tcp";"172.10.1.2";38828;"172.10.1.5";1033
1120;"2020-01-14 13:59:05";"tcp";"172.10.1.2";38828;"172.10.1.5";10180
1121;"2020-01-14 13:59:05";"tcp";"172.10.1.2";38828;"172.10.1.5";55056
1122;"2020-01-14 13:59:05";"tcp";"172.10.1.2";38828;"172.10.1.5";311
1123;"2020-01-14 13:59:05";"tcp";"172.10.1.2";38828;"172.10.1.5";1259
1124;"2020-01-14 13:59:05";"tcp";"172.10.1.2";38828;"172.10.1.5";21571
1125;"2020-01-14 13:59:05";"tcp";"172.10.1.2";38828;"172.10.1.5";1658
1126;"2020-01-14 13:59:05";"tcp";"172.10.1.2";38828;"172.10.1.5";2004
1127;"2020-01-14 13:59:05";"tcp";"172.10.1.2";38828;"172.10.1.5";40911
1128;"2020-01-14 13:59:05";"tcp";"172.10.1.2";38828;"172.10.1.5";2602
1129;"2020-01-14 13:59:05";"tcp";"172.10.1.2";38828;"172.10.1.5";56737
1130;"2020-01-14 13:59:05";"tcp";"172.10.1.2";38828;"172.10.1.5";8254
1131;"2020-01-14 13:59:05";"tcp";"172.10.1.2";38828;"172.10.1.5";8086
1132;"2020-01-14 13:59:05";"tcp";"172.10.1.2";38828;"172.10.1.5";42510
1133;"2020-01-14 13:59:05";"tcp";"172.10.1.2";38828;"172.10.1.5";161
1134;"2020-01-14 13:59:05";"tcp";"172.10.1.2";38828;"172.10.1.5";1064
1135;"2020-01-14 13:59:05";"tcp";"172.10.1.2";38828;"172.10.1.5";1081
1136;"2020-01-14 13:59:05";"tcp";"172.10.1.2";38828;"172.10.1.5";1132
1137;"2020-01-14 13:59:05";"tcp";"172.10.1.2";38828;"172.10.1.5";1082
1138;"2020-01-14 13:59:05";"tcp";"172.10.1.2";38828;"172.10.1.5";2100
1139;"2020-01-14 13:59:05";"tcp";"172.10.1.2";38828;"172.10.1.5";2196
1140;"2020-01-14 13:59:05";"tcp";"172.10.1.2";38828;"172.10.1.5";1666
1141;"2020-01-14 13:59:05";"tcp";"172.10.1.2";38828;"172.10.1.5";8081
1142;"2020-01-14 13:59:05";"tcp";"172.10.1.2";38828;"172.10.1.5";6006
1143;"2020-01-14 13:59:05";"tcp";"172.10.1.2";38828;"172.10.1.5";9618
1144;"2020-01-14 13:59:05";"tcp";"172.10.1.2";38828;"172.10.1.5";2968
1145;"2020-01-14 13:59:05";"tcp";"172.10.1.2";38828;"172.10.1.5";6566
1146;"2020-01-14 13:59:05";"tcp";"172.10.1.2";38828;"172.10.1.5";9500
1147;"2020-01-14 13:59:05";"tcp";"172.10.1.2";38828;"172.10.1.5";5555
1148;"2020-01-14 13:59:05";"tcp";"172.10.1.2";38828;"172.10.1.5";2399
1149;"2020-01-14 13:59:05";"tcp";"172.10.1.2";38828;"172.10.1.5";9575
1150;"2020-01-14 13:59:05";"tcp";"172.10.1.2";38828;"172.10.1.5";1164
1151;"2020-01-14 13:59:05";"tcp";"172.10.1.2";38828;"172.10.1.5";1145
1152;"2020-01-14 13:59:05";"tcp";"172.10.1.2";38828;"172.10.1.5";10617
1153;"2020-01-14 13:59:05";"tcp";"172.10.1.2";38828;"172.10.1.5";8088
1154;"2020-01-14 13:59:05";"tcp";"172.10.1.2";38828;"172.10.1.5";84
1155;"2020-01-14 13:59:05";"tcp";"172.10.1.2";38828;"172.10.1.5";1039
1156;"2020-01-14 13:59:05";"tcp";"172.10.1.2";38828;"172.10.1.5";5633
1157;"2020-01-14 13:59:05";"tcp";"172.10.1.2";38828;"172.10.1.5";9003
1158;"2020-01-14 13:59:05";"tcp";"172.10.1.2";38828;"172.10.1.5";1688
1159;"2020-01-14 13:59:05";"tcp";"172.10.1.2";38828;"172.10.1.5";1151
1160;"2020-01-14 13:59:05";"tcp";"172.10.1.2";38828;"172.10.1.5";8994
1161;"2020-01-14 13:59:05";"tcp";"172.10.1.2";38828;"172.10.1.5";7
1162;"2020-01-14 13:59:05";"tcp";"172.10.1.2";38828;"172.10.1.5";1175
1163;"2020-01-14 13:59:05";"tcp";"172.10.1.2";38828;"172.10.1.5";1
1164;"2020-01-14 13:59:05";"tcp";"172.10.1.2";38828;"172.10.1.5";23502
1165;"2020-01-14 13:59:05";"tcp";"172.10.1.2";38828;"172.10.1.5";8291
1166;"2020-01-14 13:59:05";"tcp";"172.10.1.2";38828;"172.10.1.5";57797
1167;"2020-01-14 13:59:05";"tcp";"172.10.1.2";38828;"172.10.1.5";1074
1168;"2020-01-14 13:59:05";"tcp";"172.10.1.2";38828;"172.10.1.5";6666
1169;"2020-01-14 13:59:05";"tcp";"172.10.1.2";38828;"172.10.1.5";1072
1170;"2020-01-14 13:59:05";"tcp";"172.10.1.2";38828;"172.10.1.5";1169
1171;"2020-01-14 13:59:05";"tcp";"172.10.1.2";38828;"172.10.1.5";1121
1172;"2020-01-14 13:59:06";"tcp";"172.10.1.2";38829;"172.10.1.5";32775
1173;"2020-01-14 13:59:06";"tcp";"172.10.1.2";38829;"172.10.1.5";2301
1174;"2020-01-14 13:59:06";"tcp";"172.10.1.2";38828;"172.10.1.5";1062
1175;"2020-01-14 13:59:06";"tcp";"172.10.1.2";38828;"172.10.1.5";3221
1176;"2020-01-14 13:59:06";"tcp";"172.10.1.2";38828;"172.10.1.5";783
1177;"2020-01-14 13:59:06";"tcp";"172.10.1.2";38828;"172.10.1.5";1001
1178;"2020-01-14 13:59:06";"tcp";"172.10.1.2";38828;"172.10.1.5";1199
1179;"2020-01-14 13:59:06";"tcp";"172.10.1.2";38828;"172.10.1.5";9002
1180;"2020-01-14 13:59:06";"tcp";"172.10.1.2";38828;"172.10.1.5";911
1181;"2020-01-14 13:59:06";"tcp";"172.10.1.2";38828;"172.10.1.5";6779
1182;"2020-01-14 13:59:06";"tcp";"172.10.1.2";38828;"172.10.1.5";513
1183;"2020-01-14 13:59:06";"tcp";"172.10.1.2";38828;"172.10.1.5";497
1184;"2020-01-14 13:59:06";"tcp";"172.10.1.2";38828;"172.10.1.5";1310
1185;"2020-01-14 13:59:06";"tcp";"172.10.1.2";38828;"172.10.1.5";4126
1186;"2020-01-14 13:59:06";"tcp";"172.10.1.2";38828;"172.10.1.5";2875
1187;"2020-01-14 13:59:06";"tcp";"172.10.1.2";38828;"172.10.1.5";1455
1188;"2020-01-14 13:59:06";"tcp";"172.10.1.2";38828;"172.10.1.5";10002
1189;"2020-01-14 13:59:06";"tcp";"172.10.1.2";38828;"172.10.1.5";5101
1190;"2020-01-14 13:59:06";"tcp";"172.10.1.2";38828;"172.10.1.5";340
1191;"2020-01-14 13:59:06";"tcp";"172.10.1.2";38828;"172.10.1.5";2393
1192;"2020-01-14 13:59:06";"tcp";"172.10.1.2";38828;"172.10.1.5";13456
1193;"2020-01-14 13:59:06";"tcp";"172.10.1.2";38828;"172.10.1.5";3551
1194;"2020-01-14 13:59:06";"tcp";"172.10.1.2";38828;"172.10.1.5";726
1195;"2020-01-14 13:59:06";"tcp";"172.10.1.2";38828;"172.10.1.5";4111
1196;"2020-01-14 13:59:06";"tcp";"172.10.1.2";38828;"172.10.1.5";30951
1197;"2020-01-14 13:59:06";"tcp";"172.10.1.2";38828;"172.10.1.5";1096
1198;"2020-01-14 13:59:06";"tcp";"172.10.1.2";38828;"172.10.1.5";1322
1199;"2020-01-14 13:59:06";"tcp";"172.10.1.2";38828;"172.10.1.5";5560
1200;"2020-01-14 13:59:06";"tcp";"172.10.1.2";38828;"172.10.1.5";5414
1201;"2020-01-14 13:59:06";"tcp";"172.10.1.2";38828;"172.10.1.5";163
1202;"2020-01-14 13:59:06";"tcp";"172.10.1.2";38828;"172.10.1.5";50002
1203;"2020-01-14 13:59:06";"tcp";"172.10.1.2";38828;"172.10.1.5";1165
1204;"2020-01-14 13:59:06";"tcp";"172.10.1.2";38828;"172.10.1.5";89
1205;"2020-01-14 13:59:06";"tcp";"172.10.1.2";38828;"172.10.1.5";5033
1206;"2020-01-14 13:59:06";"tcp";"172.10.1.2";38828;"172.10.1.5";49156
1207;"2020-01-14 13:59:06";"tcp";"172.10.1.2";38828;"172.10.1.5";1061
1208;"2020-01-14 13:59:06";"tcp";"172.10.1.2";38829;"172.10.1.5";1092
1209;"2020-01-14 13:59:06";"tcp";"172.10.1.2";38828;"172.10.1.5";16016
1210;"2020-01-14 13:59:06";"tcp";"172.10.1.2";38828;"172.10.1.5";1106
1211;"2020-01-14 13:59:06";"tcp";"172.10.1.2";38828;"172.10.1.5";1058
1212;"2020-01-14 13:59:06";"tcp";"172.10.1.2";38828;"172.10.1.5";8000
1213;"2020-01-14 13:59:06";"tcp";"172.10.1.2";38828;"172.10.1.5";5815
1214;"2020-01-14 13:59:06";"tcp";"172.10.1.2";38828;"172.10.1.5";5987
1215;"2020-01-14 13:59:06";"tcp";"172.10.1.2";38828;"172.10.1.5";2191
1216;"2020-01-14 13:59:06";"tcp";"172.10.1.2";38828;"172.10.1.5";5080
1217;"2020-01-14 13:59:06";"tcp";"172.10.1.2";38828;"172.10.1.5";3013
1218;"2020-01-14 13:59:06";"tcp";"172.10.1.2";38828;"172.10.1.5";15004
1219;"2020-01-14 13:59:06";"tcp";"172.10.1.2";38828;"172.10.1.5";4550
1220;"2020-01-14 13:59:06";"tcp";"172.10.1.2";38828;"172.10.1.5";17988
1221;"2020-01-14 13:59:06";"tcp";"172.10.1.2";38828;"172.10.1.5";79
1222;"2020-01-14 13:59:06";"tcp";"172.10.1.2";38828;"172.10.1.5";50636
1223;"2020-01-14 13:59:06";"tcp";"172.10.1.2";38828;"172.10.1.5";8089
1224;"2020-01-14 13:59:06";"tcp";"172.10.1.2";38828;"172.10.1.5";10004
1225;"2020-01-14 13:59:06";"tcp";"172.10.1.2";38828;"172.10.1.5";1201
1226;"2020-01-14 13:59:06";"tcp";"172.10.1.2";38828;"172.10.1.5";30
1227;"2020-01-14 13:59:06";"tcp";"172.10.1.2";38828;"172.10.1.5";50500
1228;"2020-01-14 13:59:06";"tcp";"172.10.1.2";38828;"172.10.1.5";280
1229;"2020-01-14 13:59:06";"tcp";"172.10.1.2";38828;"172.10.1.5";3300
1230;"2020-01-14 13:59:06";"tcp";"172.10.1.2";38828;"172.10.1.5";5100
1231;"2020-01-14 13:59:06";"tcp";"172.10.1.2";38828;"172.10.1.5";417
1232;"2020-01-14 13:59:06";"tcp";"172.10.1.2";38828;"172.10.1.5";1247
1233;"2020-01-14 13:59:06";"tcp";"172.10.1.2";38828;"172.10.1.5";5432
1234;"2020-01-14 13:59:06";"tcp";"172.10.1.2";38828;"172.10.1.5";1580
1235;"2020-01-14 13:59:06";"tcp";"172.10.1.2";38828;"172.10.1.5";51493
1236;"2020-01-14 13:59:06";"tcp";"172.10.1.2";38828;"172.10.1.5";1030
1237;"2020-01-14 13:59:06";"tcp";"172.10.1.2";38828;"172.10.1.5";3986
1238;"2020-01-14 13:59:06";"tcp";"172.10.1.2";38828;"172.10.1.5";3003
1239;"2020-01-14 13:59:06";"tcp";"172.10.1.2";38828;"172.10.1.5";1088
1240;"2020-01-14 13:59:06";"tcp";"172.10.1.2";38828;"172.10.1.5";1010
1241;"2020-01-14 13:59:06";"tcp";"172.10.1.2";38828;"172.10.1.5";3006
1242;"2020-01-14 13:59:06";"tcp";"172.10.1.2";38828;"172.10.1.5";42
1243;"2020-01-14 13:59:06";"tcp";"172.10.1.2";38828;"172.10.1.5";6788
1244;"2020-01-14 13:59:06";"tcp";"172.10.1.2";38828;"172.10.1.5";32768
1245;"2020-01-14 13:59:06";"tcp";"172.10.1.2";38828;"172.10.1.5";2809
1246;"2020-01-14 13:59:06";"tcp";"172.10.1.2";38828;"172.10.1.5";8873
1247;"2020-01-14 13:59:06";"tcp";"172.10.1.2";38828;"172.10.1.5";48080
1248;"2020-01-14 13:59:08";"udp";"172.10.1.1";5353;"172.10.1.5";5353
1249;"2020-01-14 13:59:08";"udp";"172.10.1.1";5353;"172.10.1.5";5353
1250;"2020-01-14 13:59:08";"udp";"172.10.1.1";5353;"172.10.1.5";5353
1251;"2020-01-14 13:59:08";"udp";"172.10.1.1";5353;"172.10.1.5";5353
1252;"2020-01-14 13:59:08";"udp";"172.10.1.1";5353;"172.10.1.5";5353
1253;"2020-01-14 13:59:08";"udp";"172.10.1.1";5353;"172.10.1.5";5353
1254;"2020-01-14 13:59:08";"udp";"172.10.1.1";5353;"172.10.1.5";5353
1255;"2020-01-14 13:59:08";"udp";"172.10.1.1";137;"172.10.1.5";137
1256;"2020-01-14 13:59:08";"udp";"172.10.1.1";5353;"172.10.1.5";5353
1257;"2020-01-14 13:59:08";"udp";"172.10.1.1";137;"172.10.1.5";137
1258;"2020-01-14 13:59:08";"udp";"172.10.1.1";137;"172.10.1.5";137
1259;"2020-01-14 13:59:08";"udp";"172.10.1.1";5353;"172.10.1.5";5353
1260;"2020-01-14 13:59:08";"udp";"172.10.1.1";5353;"172.10.1.5";5353
1261;"2020-01-14 13:59:08";"udp";"172.10.1.1";5353;"172.10.1.5";5353
1262;"2020-01-14 13:59:08";"udp";"172.10.1.1";5353;"172.10.1.5";5353
1263;"2020-01-14 13:59:08";"udp";"172.10.1.1";5353;"172.10.1.5";5353
1264;"2020-01-14 13:59:08";"udp";"172.10.1.1";5353;"172.10.1.5";5353
1265;"2020-01-14 13:59:08";"udp";"172.10.1.1";5353;"172.10.1.5";5353
1266;"2020-01-14 13:59:08";"udp";"172.10.1.1";5353;"172.10.1.5";5353
1267;"2020-01-14 13:59:09";"udp";"172.10.1.1";137;"172.10.1.5";137
1268;"2020-01-14 13:59:09";"udp";"172.10.1.1";137;"172.10.1.5";137
1269;"2020-01-14 13:59:09";"udp";"172.10.1.1";137;"172.10.1.5";137
1270;"2020-01-14 13:59:09";"udp";"172.10.1.1";5353;"172.10.1.5";5353
1271;"2020-01-14 13:59:09";"udp";"172.10.1.1";5353;"172.10.1.5";5353
1272;"2020-01-14 13:59:09";"udp";"172.10.1.1";5353;"172.10.1.5";5353
1273;"2020-01-14 13:59:09";"udp";"172.10.1.1";5353;"172.10.1.5";5353
1274;"2020-01-14 13:59:09";"udp";"172.10.1.1";5353;"172.10.1.5";5353
1275;"2020-01-14 13:59:09";"udp";"172.10.1.1";5353;"172.10.1.5";5353
1276;"2020-01-14 13:59:09";"udp";"172.10.1.1";5353;"172.10.1.5";5353
1277;"2020-01-14 13:59:09";"udp";"172.10.1.1";5353;"172.10.1.5";5353
1278;"2020-01-14 13:59:09";"udp";"172.10.1.1";5353;"172.10.1.5";5353
1279;"2020-01-14 13:59:09";"udp";"172.10.1.1";5353;"172.10.1.5";5353
1280;"2020-01-14 13:59:09";"udp";"172.10.1.1";5353;"172.10.1.5";5353
1281;"2020-01-14 13:59:09";"udp";"172.10.1.1";5353;"172.10.1.5";5353
1282;"2020-01-14 13:59:09";"udp";"172.10.1.1";5353;"172.10.1.5";5353
1283;"2020-01-14 13:59:09";"udp";"172.10.1.1";5353;"172.10.1.5";5353
1284;"2020-01-14 13:59:09";"udp";"172.10.1.1";5353;"172.10.1.5";5353
1285;"2020-01-14 13:59:09";"udp";"172.10.1.1";5353;"172.10.1.5";5353
1286;"2020-01-14 13:59:10";"udp";"172.10.1.1";137;"172.10.1.5";137
1287;"2020-01-14 13:59:10";"udp";"172.10.1.1";137;"172.10.1.5";137
1288;"2020-01-14 13:59:10";"udp";"172.10.1.1";137;"172.10.1.5";137
1289;"2020-01-14 13:59:16";"udp";"172.10.1.2";39101;"172.10.1.5";123
1290;"2020-01-14 13:59:16";"udp";"172.10.1.2";39101;"172.10.1.5";162
1291;"2020-01-14 13:59:16";"udp";"172.10.1.2";39101;"172.10.1.5";161
1292;"2020-01-14 13:59:17";"udp";"172.10.1.2";39102;"172.10.1.5";161
1293;"2020-01-14 13:59:17";"udp";"172.10.1.2";39102;"172.10.1.5";162
1294;"2020-01-14 13:59:17";"udp";"172.10.1.2";39102;"172.10.1.5";123
1295;"2020-01-14 13:59:27";"udp";"172.10.1.2";47541;"172.10.1.5";162
1296;"2020-01-14 13:59:27";"udp";"172.10.1.2";47541;"172.10.1.5";161
1297;"2020-01-14 13:59:27";"udp";"172.10.1.2";47541;"172.10.1.5";123
1298;"2020-01-14 13:59:28";"udp";"172.10.1.2";47542;"172.10.1.5";123
1299;"2020-01-14 13:59:28";"udp";"172.10.1.2";47542;"172.10.1.5";161
1300;"2020-01-14 13:59:28";"udp";"172.10.1.2";47542;"172.10.1.5";162
